herb_id,split_blocking_group_id,partition,positive_degree,positive_degree_bin,compound_context_count,benchmark_eligible,quarantine_status
H0002,HBG_c7cf09940944,train,145,D06_100_199,37,True,NONE
H0580,HBG_fbcf4eab591b,train,78,D05_50_99,13,True,NONE
H0581,HBG_fbcf4eab591b,train,345,D07_200_399,13,True,NONE
H0582,HBG_da6b646a90bc,train,189,D06_100_199,18,True,NONE
H0583,HBG_fbcf4eab591b,train,345,D07_200_399,13,True,NONE
H0584,HBG_9fde26f6e7c1,train,23,D04_20_49,3,True,NONE
H0585,HBG_9a29e1334a62,train,316,D07_200_399,45,True,NONE
H0586,HBG_c93376fdd4f4,train,1,D01_1_4,1,True,NONE
H0587,HBG_c93376fdd4f4,train,1,D01_1_4,1,True,NONE
H0588,HBG_eb45a6a5bba1,train,9,D02_5_9,1,True,NONE
H0589,HBG_8018479382da,train,7,D02_5_9,1,True,NONE
H0590,HBG_8f7b1fcc65a2,train,65,D05_50_99,11,True,NONE
H0591,HBG_747ee4596665,train,260,D07_200_399,6,True,NONE
H0592,HBG_8f7b1fcc65a2,train,65,D05_50_99,11,True,NONE
H0593,HBG_08254f17ca2d,train,2,D01_1_4,2,True,NONE
H0594,HBG_51a5cb53dae6,test,26,D04_20_49,1,True,NONE
H0595,HBG_6d6823fd90b5,train,46,D04_20_49,7,True,NONE
H0596,HBG_9d1e0e7e59c2,validation,13,D03_10_19,1,True,NONE
H0597,HBG_9fde26f6e7c1,train,23,D04_20_49,3,True,NONE
H0598,HBG_32aaba810db6,train,2,D01_1_4,1,True,NONE
H0599,HBG_32aaba810db6,train,2,D01_1_4,1,True,NONE
H0600,HBG_32aaba810db6,train,2,D01_1_4,1,True,NONE
H0601,HBG_6bf526c7746c,train,299,D07_200_399,22,True,NONE
H0602,HBG_6bf526c7746c,train,299,D07_200_399,22,True,NONE
H0603,HBG_01280f0541a1,train,92,D05_50_99,5,True,NONE
H0604,HBG_f1a3ccbac25c,validation,170,D06_100_199,22,True,NONE
H0605,HBG_17e0687d24b6,train,331,D07_200_399,38,True,NONE
H0606,HBG_17e0687d24b6,train,160,D06_100_199,31,True,NONE
H0607,HBG_17e0687d24b6,train,326,D07_200_399,31,True,NONE
H0608,HBG_17e0687d24b6,train,326,D07_200_399,31,True,NONE
H0609,HBG_17e0687d24b6,train,326,D07_200_399,31,True,NONE
H0610,HBG_d08a8346fd87,test,26,D04_20_49,5,True,NONE
H0611,HBG_bc5cd7b0cd65,train,1,D01_1_4,1,True,NONE
H0612,HBG_4aa7f6bd737f,train,269,D07_200_399,14,True,NONE
H0613,HBG_98a6f5465bda,validation,335,D07_200_399,38,True,NONE
H0614,HBG_00cf0ff0d299,train,268,D07_200_399,21,True,NONE
H0615,HBG_f87bca8aa9da,train,108,D06_100_199,10,True,NONE
H0616,HBG_db1d114655ba,train,28,D04_20_49,4,True,NONE
H0617,HBG_f6209911ce1f,test,257,D07_200_399,14,True,NONE
H0618,HBG_0be7d9e6c975,train,13,D03_10_19,2,True,NONE
H0619,HBG_67a4ca9c3dec,train,2,D01_1_4,2,True,NONE
H0620,HBG_b65a8b6c40d9,validation,16,D03_10_19,2,True,NONE
H0621,HBG_b017c2b62f4b,validation,27,D04_20_49,2,True,NONE
H0622,HBG_e9f08ce953e9,train,78,D05_50_99,1,True,NONE
H0623,HBG_d7033349bbe5,validation,43,D04_20_49,4,True,NONE
H0624,HBG_1b8c1875da4c,train,9,D02_5_9,2,True,NONE
H0625,HBG_b333db010a78,train,248,D07_200_399,17,True,NONE
H0626,HBG_79a71bcd645c,test,390,D07_200_399,29,True,NONE
H0627,HBG_0c3767419c38,train,7,D02_5_9,1,True,NONE
H0628,HBG_c57f4279183d,validation,28,D04_20_49,5,True,NONE
H0629,HBG_507e5adc452e,train,126,D06_100_199,23,True,NONE
H0630,HBG_f4d8dce6e702,validation,11,D03_10_19,4,True,NONE
H0631,HBG_84dff7648550,train,91,D05_50_99,16,True,NONE
H0632,HBG_e84e64aee72a,test,316,D07_200_399,21,True,NONE
H0633,HBG_30ea05e068aa,validation,99,D05_50_99,8,True,NONE
H0634,HBG_7193e93a12cb,train,64,D05_50_99,3,True,NONE
H0635,HBG_7193e93a12cb,train,64,D05_50_99,3,True,NONE
H0636,HBG_a401f7ece236,train,21,D04_20_49,5,True,NONE
H0637,HBG_fffa0acae2cb,train,255,D07_200_399,21,True,NONE
H0638,HBG_a30fde5af80d,train,169,D06_100_199,11,True,NONE
H0639,HBG_a156021a5b2c,validation,33,D04_20_49,5,True,NONE
H0640,HBG_3baa0b8af928,train,57,D05_50_99,13,True,NONE
H0641,HBG_1f421def47a3,train,2,D01_1_4,1,True,NONE
H0642,HBG_fd4c175e97d0,test,302,D07_200_399,19,True,NONE
H0643,HBG_f3f13e6e1be1,test,32,D04_20_49,1,True,NONE
H0644,HBG_c1bfd2fd9872,test,37,D04_20_49,2,True,NONE
H0645,HBG_bf0d6a06d1f8,train,2,D01_1_4,1,True,NONE
H0646,HBG_3f503109dfd4,train,83,D05_50_99,3,True,NONE
H0647,HBG_28b26b19c3e6,train,35,D04_20_49,10,True,NONE
H0648,HBG_5bc9543182ec,train,169,D06_100_199,10,True,NONE
H0649,HBG_5bc9543182ec,train,169,D06_100_199,10,True,NONE
H0650,HBG_b0968ba6c3b1,train,340,D07_200_399,36,True,NONE
H0651,HBG_c2ee1a3368d3,train,175,D06_100_199,38,True,NONE
H0652,HBG_c2ee1a3368d3,train,175,D06_100_199,38,True,NONE
H0653,HBG_a12f576b905f,train,7,D02_5_9,1,True,NONE
H0654,HBG_0d75e84c8cdd,train,9,D02_5_9,1,True,NONE
H0655,HBG_b96180b40a83,validation,40,D04_20_49,6,True,NONE
H0656,HBG_9d30fa71cd8e,validation,280,D07_200_399,14,True,NONE
H0657,HBG_35ea648b06d0,train,13,D03_10_19,1,True,NONE
H0658,HBG_43e14141a333,train,222,D07_200_399,6,True,NONE
H0659,HBG_b0968ba6c3b1,train,336,D07_200_399,30,True,NONE
H0660,HBG_7ecce4367dd5,train,4,D01_1_4,1,True,NONE
H0661,HBG_27a287071d6b,validation,147,D06_100_199,2,True,NONE
H0662,HBG_e946ed2a81b3,train,3,D01_1_4,2,True,NONE
H0663,HBG_4434169d63ef,validation,327,D07_200_399,19,True,NONE
H0664,HBG_ab4ae2581394,validation,108,D06_100_199,3,True,NONE
H0665,HBG_b0968ba6c3b1,train,336,D07_200_399,30,True,NONE
H0666,HBG_967697e956c2,train,19,D03_10_19,5,True,NONE
H0667,HBG_a8bfad9364eb,train,48,D04_20_49,6,True,NONE
H0668,HBG_1c7a88bf329e,train,152,D06_100_199,3,True,NONE
H0669,HBG_67853cc36d52,train,71,D05_50_99,10,True,NONE
H0670,HBG_5d92b31c69fe,validation,101,D06_100_199,4,True,NONE
H0671,HBG_38943549616b,train,44,D04_20_49,6,True,NONE
H0672,HBG_ee92b63d5e13,validation,22,D04_20_49,3,True,NONE
H0673,HBG_fb73341b109a,train,83,D05_50_99,14,True,NONE
H0674,HBG_f2c821eb8699,train,48,D04_20_49,9,True,NONE
H0675,HBG_f2c821eb8699,train,48,D04_20_49,9,True,NONE
H0676,HBG_f2c821eb8699,train,48,D04_20_49,9,True,NONE
H0677,HBG_829d47387bff,train,69,D05_50_99,3,True,NONE
H0678,HBG_f2c821eb8699,train,48,D04_20_49,9,True,NONE
H0679,HBG_bb8a0a88cbe8,train,324,D07_200_399,23,True,NONE
H0680,HBG_5ef6a3caed67,train,208,D07_200_399,3,True,NONE
H0681,HBG_5ef6a3caed67,train,208,D07_200_399,3,True,NONE
H0682,HBG_ef58b94c11ae,train,136,D06_100_199,18,True,NONE
H0683,HBG_0334116fede0,train,39,D04_20_49,4,True,NONE
H0684,HBG_dde3b4d66cdf,test,19,D03_10_19,2,True,NONE
H0685,HBG_5e9c38c57c16,train,68,D05_50_99,9,True,NONE
H0686,HBG_beb7281626fa,train,13,D03_10_19,4,True,NONE
H0687,HBG_aa103c698008,train,1,D01_1_4,1,True,NONE
H0688,HBG_be975cb58574,train,114,D06_100_199,14,True,NONE
H0689,HBG_41def223e543,train,66,D05_50_99,4,True,NONE
H0691,HBG_33420a4f35bf,validation,313,D07_200_399,18,True,NONE
H0692,HBG_b017cb17f084,validation,339,D07_200_399,11,True,ENGLISH_FIELD_DISABLED
H0693,HBG_8cd7e4b65ebf,test,319,D07_200_399,15,True,NONE
H0694,HBG_6b33db510100,test,1,D01_1_4,1,True,NONE
H0695,HBG_1c6fe51c19dd,train,179,D06_100_199,16,True,NONE
H0696,HBG_4f8f7d4e5791,train,277,D07_200_399,12,True,NONE
H0697,HBG_64de98de1e64,validation,335,D07_200_399,19,True,NONE
H0698,HBG_8135810d7aa0,train,228,D07_200_399,8,True,NONE
H0699,HBG_1dd673709d30,test,19,D03_10_19,2,True,NONE
H0700,HBG_ca9ad5720e39,train,59,D05_50_99,10,True,NONE
H0701,HBG_80e3e97ddc76,validation,83,D05_50_99,3,True,NONE
H0702,HBG_3bb72e548ddf,train,46,D04_20_49,7,True,NONE
H0703,HBG_1fe3b980b48c,train,27,D04_20_49,2,True,NONE
H0704,HBG_615797f8f1a0,train,149,D06_100_199,19,True,NONE
H0705,HBG_cb6dba37e698,train,170,D06_100_199,16,True,NONE
H0706,HBG_1f1573d18be9,train,85,D05_50_99,8,True,NONE
H0707,HBG_ec4349dd803d,train,210,D07_200_399,9,True,NONE
H0708,HBG_ec4349dd803d,train,210,D07_200_399,9,True,NONE
H0709,HBG_4543f7862ff3,train,69,D05_50_99,3,True,NONE
H0710,HBG_ec4349dd803d,train,210,D07_200_399,9,True,NONE
H0711,HBG_ec4349dd803d,train,210,D07_200_399,9,True,NONE
H0712,HBG_a3f2d95fafdb,train,20,D04_20_49,4,True,NONE
H0713,HBG_74e00cb42986,train,170,D06_100_199,17,True,NONE
H0714,HBG_b0968ba6c3b1,train,336,D07_200_399,30,True,NONE
H0715,HBG_1c4eb6b50cff,train,136,D06_100_199,15,True,NONE
H0716,HBG_0c731d1afd0f,train,245,D07_200_399,9,True,NONE
H0717,HBG_0c731d1afd0f,train,245,D07_200_399,9,True,NONE
H0718,HBG_5d8afaa98564,train,43,D04_20_49,7,True,NONE
H0719,HBG_a7eddf6a48c0,train,76,D05_50_99,10,True,NONE
H0720,HBG_698e28e66f64,train,70,D05_50_99,3,True,NONE
H0721,HBG_3f9020bc6752,train,133,D06_100_199,6,True,NONE
H0722,HBG_bf516abe502c,train,24,D04_20_49,4,True,NONE
H0723,HBG_2d8dd1b2e7fa,train,12,D03_10_19,1,True,NONE
H0724,HBG_87b102e549a1,test,12,D03_10_19,1,True,NONE
H0725,HBG_1e97727f686b,train,60,D05_50_99,3,True,NONE
H0726,HBG_04cf9df84c0b,train,5,D02_5_9,1,True,NONE
H0727,HBG_c138ad243cff,train,156,D06_100_199,7,True,NONE
H0728,HBG_77ae051c673b,train,4,D01_1_4,1,True,NONE
H0729,HBG_be0779f1a2d9,validation,337,D07_200_399,29,True,NONE
H0730,HBG_4de06fdf6443,train,264,D07_200_399,12,True,ENGLISH_FIELD_DISABLED
H0731,HBG_5cfeb9d489e8,train,14,D03_10_19,3,True,NONE
H0732,HBG_f5d3ff285109,validation,34,D04_20_49,2,True,NONE
H0733,HBG_56d2c3215c10,train,334,D07_200_399,29,True,NONE
H0734,HBG_0a2cc1bda92c,train,224,D07_200_399,3,True,NONE
H0735,HBG_34fabcdd0e22,train,80,D05_50_99,6,True,NONE
H0736,HBG_37d96977c251,train,45,D04_20_49,5,True,NONE
H0737,HBG_f3383250f4a2,train,5,D02_5_9,1,True,NONE
H0738,HBG_3d5b5a862617,train,27,D04_20_49,3,True,NONE
H0739,HBG_e2501b9e5098,validation,50,D05_50_99,3,True,NONE
H0740,HBG_ea8bf05fcc20,train,134,D06_100_199,19,True,NONE
H0741,HBG_92121f039e03,train,45,D04_20_49,4,True,NONE
H0742,HBG_2f345bb500a0,train,1,D01_1_4,1,True,NONE
H0743,HBG_ea8bf05fcc20,train,128,D06_100_199,16,True,NONE
H0744,HBG_dee471a97344,validation,45,D04_20_49,1,True,NONE
H0745,HBG_9a29e1334a62,train,316,D07_200_399,45,True,NONE
H0746,HBG_9a29e1334a62,train,316,D07_200_399,45,True,NONE
H0747,HBG_3939d145d81e,validation,127,D06_100_199,17,True,NONE
H0748,HBG_967697e956c2,train,19,D03_10_19,5,True,NONE
H0749,HBG_5d407ee7b85b,validation,38,D04_20_49,5,True,NONE
H0750,HBG_941d2832fec4,train,457,D08_400_PLUS,60,True,NONE
H0751,HBG_e67229ff402f,train,38,D04_20_49,6,True,NONE
H0752,HBG_e67229ff402f,train,38,D04_20_49,6,True,NONE
H0753,HBG_e67229ff402f,train,38,D04_20_49,6,True,NONE
H0754,HBG_8a181477b3c9,train,14,D03_10_19,3,True,NONE
H0755,HBG_6d5f58b32ff2,train,72,D05_50_99,11,True,NONE
H0756,HBG_ba17478be9ec,train,140,D06_100_199,20,True,NONE
H0757,HBG_ba17478be9ec,train,142,D06_100_199,21,True,NONE
H0758,HBG_3d71c8e92138,train,413,D08_400_PLUS,54,True,NONE
H0759,HBG_0d485f163e75,validation,21,D04_20_49,1,True,NONE
H0760,HBG_ef58b94c11ae,train,136,D06_100_199,18,True,NONE
H0761,HBG_cbcabca7d0f6,validation,293,D07_200_399,7,True,NONE
H0762,HBG_b3c8258b0e1d,validation,26,D04_20_49,5,True,NONE
H0763,HBG_107f6ad73c18,test,75,D05_50_99,17,True,NONE
H0764,HBG_21430d79b83e,train,290,D07_200_399,34,True,NONE
H0765,HBG_c4637945081c,test,372,D07_200_399,15,True,NONE
H0766,HBG_96b94307d8c9,train,51,D05_50_99,9,True,NONE
H0767,HBG_aa103c698008,train,1,D01_1_4,1,True,NONE
H0768,HBG_be975cb58574,train,114,D06_100_199,14,True,NONE
H0769,HBG_9e8563c175b7,train,86,D05_50_99,10,True,NONE
H0770,HBG_9e8563c175b7,train,85,D05_50_99,9,True,NONE
H0771,HBG_9e8563c175b7,train,85,D05_50_99,9,True,NONE
H0772,HBG_5bb7102ef2f5,train,260,D07_200_399,18,True,NONE
H0773,HBG_ffaad43f8e1e,train,54,D05_50_99,7,True,NONE
H0774,HBG_8893f7734445,train,26,D04_20_49,6,True,NONE
H0775,HBG_44b2df3fd52f,train,41,D04_20_49,5,True,NONE
H0776,HBG_320fad92c4f9,train,29,D04_20_49,2,True,NONE
H0777,HBG_8135810d7aa0,train,228,D07_200_399,8,True,NONE
H0778,HBG_320fad92c4f9,train,30,D04_20_49,3,True,NONE
H0779,HBG_8135810d7aa0,train,228,D07_200_399,8,True,NONE
H0780,HBG_19a1c3f77d5d,train,24,D04_20_49,2,True,NONE
H0781,HBG_b40e68a47d96,train,18,D03_10_19,3,True,NONE
H0782,HBG_394cc80eb83b,train,12,D03_10_19,2,True,NONE
H0783,HBG_c434ec5b8794,train,5,D02_5_9,2,True,NONE
H0784,HBG_d1a37864e921,train,178,D06_100_199,16,True,NONE
H0785,HBG_ef58b94c11ae,train,136,D06_100_199,18,True,NONE
H0786,HBG_0eebdfbfdb5f,train,63,D05_50_99,8,True,NONE
H0787,HBG_0eebdfbfdb5f,train,63,D05_50_99,8,True,NONE
H0788,HBG_0eebdfbfdb5f,train,63,D05_50_99,8,True,NONE
H0789,HBG_0eebdfbfdb5f,train,63,D05_50_99,8,True,NONE
H0790,HBG_0eebdfbfdb5f,train,63,D05_50_99,8,True,NONE
H0791,HBG_f20db82ed82c,validation,10,D03_10_19,2,True,NONE
H0792,HBG_30a4d4e01b5c,test,116,D06_100_199,5,True,NONE
H0793,HBG_f4567da904dc,test,222,D07_200_399,9,True,NONE
H0794,HBG_f96196c34131,test,7,D02_5_9,2,True,NONE
H0795,HBG_c1fe65ddc549,test,11,D03_10_19,2,True,NONE
H0796,HBG_f2fe7117849d,train,1,D01_1_4,1,True,NONE
H0797,HBG_d2af72122083,train,2,D01_1_4,1,True,NONE
H0798,HBG_0a2cc1bda92c,train,224,D07_200_399,3,True,NONE
H0799,HBG_f2fe7117849d,train,1,D01_1_4,1,True,NONE
H0800,HBG_f2fe7117849d,train,1,D01_1_4,1,True,NONE
H0801,HBG_bef11d45c157,train,102,D06_100_199,7,True,NONE
H0802,HBG_3d71c8e92138,train,201,D07_200_399,54,True,NONE
H0803,HBG_2c696ef7c110,train,37,D04_20_49,2,True,NONE
H0804,HBG_3d71c8e92138,train,422,D08_400_PLUS,56,True,NONE
H0805,HBG_3d71c8e92138,train,413,D08_400_PLUS,54,True,NONE
H0806,HBG_1d4e70cb99cf,train,7,D02_5_9,1,True,NONE
H0807,HBG_83f22a8f4dad,train,24,D04_20_49,3,True,NONE
H0808,HBG_5c8a3f99a60c,train,20,D04_20_49,2,True,NONE
H0809,HBG_03d225e78075,train,208,D07_200_399,14,True,NONE
H0810,HBG_c386e1d3204d,train,1,D01_1_4,1,True,NONE
H0811,HBG_9f5cbe9fbcfa,train,13,D03_10_19,1,True,NONE
H0812,HBG_e96bcb549c87,validation,25,D04_20_49,5,True,NONE
H0813,HBG_3d71c8e92138,train,413,D08_400_PLUS,57,True,NONE
H0814,HBG_78b099bb2f40,test,4,D01_1_4,2,True,NONE
H0815,HBG_aa103c698008,train,1,D01_1_4,1,True,NONE
H0816,HBG_5b89d52435ce,train,330,D07_200_399,15,True,NONE
H0817,HBG_3fcde9ae9ee1,train,46,D04_20_49,6,True,NONE
H0818,HBG_b114d2ba6a29,train,351,D07_200_399,41,True,NONE
H0819,HBG_b114d2ba6a29,train,339,D07_200_399,36,True,NONE
H0820,HBG_eb898e69d639,test,33,D04_20_49,3,True,NONE
H0821,HBG_5b89d52435ce,train,330,D07_200_399,15,True,NONE
H0822,HBG_28b26b19c3e6,train,35,D04_20_49,10,True,NONE
H0823,HBG_b6a7d94a342a,validation,12,D03_10_19,1,True,NONE
H0824,HBG_40cded32b1f5,train,12,D03_10_19,1,True,NONE
H0825,HBG_48398c73717f,train,54,D05_50_99,7,True,NONE
H0826,HBG_baa9e67e43e8,test,304,D07_200_399,12,True,NONE
H0827,HBG_3110e24aca4a,train,65,D05_50_99,3,True,NONE
H0828,HBG_dd1845df619d,validation,12,D03_10_19,1,True,NONE
H0829,HBG_779c35ecf04d,train,20,D04_20_49,3,True,NONE
H0830,HBG_d2f3ed6788ea,train,13,D03_10_19,1,True,NONE
H0831,HBG_c062103a2661,train,3,D01_1_4,4,True,NONE
H0832,HBG_2bc011f9109a,train,32,D04_20_49,3,True,NONE
H0833,HBG_30e4587ff4fe,train,4,D01_1_4,1,True,NONE
H0834,HBG_d2f3ed6788ea,train,13,D03_10_19,1,True,NONE
H0835,HBG_20553bc227b4,train,12,D03_10_19,2,True,NONE
H0836,HBG_da88ae3587f6,train,12,D03_10_19,1,True,NONE
H0837,HBG_82f5cb60d85c,train,15,D03_10_19,2,True,NONE
H0838,HBG_07989d057eb7,validation,58,D05_50_99,5,True,NONE
H0839,HBG_38943549616b,train,44,D04_20_49,6,True,NONE
H0840,HBG_17ae6d886f10,train,13,D03_10_19,1,True,NONE
H0841,HBG_fcb15f16f0f6,train,56,D05_50_99,8,True,NONE
H0842,HBG_c8ca54a9d725,test,10,D03_10_19,1,True,NONE
H0843,HBG_ca0acb8f3a6c,train,22,D04_20_49,5,True,NONE
H0844,HBG_99135c58abab,train,179,D06_100_199,18,True,NONE
H0845,HBG_78a0d2ccac9b,train,11,D03_10_19,2,True,NONE
H0846,HBG_fcb15f16f0f6,train,56,D05_50_99,8,True,NONE
H0848,HBG_6c8394f853e3,train,259,D07_200_399,12,True,NONE
H0849,HBG_a5ca1c6e53e6,train,65,D05_50_99,11,True,NONE
H0850,HBG_a5ca1c6e53e6,train,71,D05_50_99,15,True,NONE
H0851,HBG_7a0b0d8e4cb7,test,20,D04_20_49,6,True,NONE
H0852,HBG_92e6fafd314b,train,120,D06_100_199,3,True,NONE
H0853,HBG_ba4fb545ef78,train,307,D07_200_399,14,True,NONE
H0854,HBG_acb1a559df30,train,125,D06_100_199,9,True,NONE
H0855,HBG_784326f3e60a,train,328,D07_200_399,13,True,NONE
H0856,HBG_6f980e5834d1,train,54,D05_50_99,6,True,NONE
H0857,HBG_6f980e5834d1,train,54,D05_50_99,6,True,NONE
H0858,HBG_6f980e5834d1,train,54,D05_50_99,6,True,NONE
H0859,HBG_784326f3e60a,train,319,D07_200_399,11,True,NONE
H0860,HBG_6f980e5834d1,train,54,D05_50_99,6,True,NONE
H0861,HBG_a1399bc2de3e,train,1,D01_1_4,1,True,NONE
H0862,HBG_a6fdd18a660b,train,6,D02_5_9,3,True,NONE
H0863,HBG_a01a3b9316d8,train,25,D04_20_49,5,True,NONE
H0864,HBG_ccbe0e72f729,train,23,D04_20_49,1,True,NONE
H0865,HBG_a6fdd18a660b,train,6,D02_5_9,3,True,NONE
H0866,HBG_51e954dd7e8c,train,38,D04_20_49,3,True,NONE
H0867,HBG_3e8450044b1e,train,20,D04_20_49,4,True,NONE
H0868,HBG_953727e0f19c,train,114,D06_100_199,19,True,NONE
H0869,HBG_7ca0db7c0946,train,139,D06_100_199,12,True,NONE
H0870,HBG_9b29a6379c7b,train,14,D03_10_19,1,True,NONE
H0871,HBG_02844fcf48ab,train,317,D07_200_399,18,True,NONE
H0872,HBG_ef58b94c11ae,train,136,D06_100_199,18,True,NONE
H0873,HBG_d7595041e852,train,11,D03_10_19,2,True,NONE
H0874,HBG_d0d3328b8169,test,29,D04_20_49,6,True,NONE
H0875,HBG_5bd61c7dbd77,test,24,D04_20_49,4,True,NONE
H0877,HBG_0620410523cb,test,9,D02_5_9,2,True,NONE
H0878,HBG_7ca0db7c0946,train,138,D06_100_199,11,True,NONE
H0879,HBG_cb7ede83831f,train,26,D04_20_49,3,True,NONE
H0880,HBG_44c39709264b,train,17,D03_10_19,3,True,NONE
H0881,HBG_9b56e3ab7876,train,81,D05_50_99,12,True,NONE
H0882,HBG_bc0e3200354a,train,7,D02_5_9,1,True,NONE
H0883,HBG_5a13d2574219,test,219,D07_200_399,1,True,NONE
H0884,HBG_e32078d0500f,train,2,D01_1_4,2,True,NONE
H0885,HBG_f67dca31411d,test,15,D03_10_19,2,True,NONE
H0886,HBG_c7164f305682,train,212,D07_200_399,14,True,NONE
H0887,HBG_c7164f305682,train,212,D07_200_399,13,True,NONE
H0888,HBG_7ca0db7c0946,train,132,D06_100_199,8,True,NONE
H0889,HBG_c7164f305682,train,212,D07_200_399,13,True,NONE
H0890,HBG_c7164f305682,train,212,D07_200_399,13,True,NONE
H0891,HBG_2677407683aa,train,89,D05_50_99,6,True,NONE
H0892,HBG_a7984616dea4,train,139,D06_100_199,27,True,NONE
H0893,HBG_a7984616dea4,train,130,D06_100_199,20,True,NONE
H0894,HBG_c8e7aa31a30d,validation,111,D06_100_199,8,True,NONE
H0895,HBG_6410ad751165,validation,390,D07_200_399,36,True,NONE
H0896,HBG_12730193310a,train,1,D01_1_4,1,True,NONE
H0897,HBG_d911d5ec22e5,test,395,D07_200_399,29,True,NONE
H0898,HBG_0b46ea1108ae,train,8,D02_5_9,3,True,NONE
H0899,HBG_0b46ea1108ae,train,8,D02_5_9,3,True,NONE
H0900,HBG_88cb86fc1aae,train,28,D04_20_49,5,True,NONE
H0901,HBG_b1928cc08877,validation,300,D07_200_399,9,True,NONE
H0902,HBG_5b1c1c9160b3,train,265,D07_200_399,11,True,NONE
H0903,HBG_a7672936910a,train,59,D05_50_99,10,True,NONE
H0904,HBG_88f1f4228f1a,train,17,D03_10_19,2,True,NONE
H0905,HBG_b9a5844724d3,train,1,D01_1_4,1,True,NONE
H0906,HBG_9061ad6d2b9f,train,109,D06_100_199,2,True,NONE
H0907,HBG_3290516fbb04,test,12,D03_10_19,1,True,NONE
H0908,HBG_40ac796ed032,train,220,D07_200_399,7,True,NONE
H0909,HBG_40ac796ed032,train,205,D07_200_399,5,True,NONE
H0910,HBG_40ac796ed032,train,205,D07_200_399,5,True,NONE
H0911,HBG_f05264598ab7,train,4,D01_1_4,2,True,NONE
H0912,HBG_40ac796ed032,train,205,D07_200_399,5,True,NONE
H0913,HBG_40ac796ed032,train,205,D07_200_399,5,True,NONE
H0914,HBG_adc3cea14e67,train,17,D03_10_19,2,True,NONE
H0915,HBG_636690108da6,test,23,D04_20_49,5,True,NONE
H0916,HBG_adc3cea14e67,train,17,D03_10_19,2,True,NONE
H0917,HBG_4f183813675e,train,1,D01_1_4,1,True,NONE
H0918,HBG_ec4349dd803d,train,210,D07_200_399,9,True,NONE
H0919,HBG_592ce44ebce1,test,62,D05_50_99,3,True,NONE
H0920,HBG_6b696b6d58d4,test,306,D07_200_399,20,True,NONE
H0921,HBG_bd0b3ddd2063,train,25,D04_20_49,5,True,NONE
H0922,HBG_ba0c857ba83c,validation,24,D04_20_49,1,True,NONE
H0923,HBG_4b6f9072e8e4,train,4,D01_1_4,3,True,NONE
H0924,HBG_84988e4e869c,test,28,D04_20_49,3,True,NONE
H0925,HBG_caee817f7ef5,train,148,D06_100_199,12,True,NONE
H0926,HBG_9d8c32c09a36,train,402,D08_400_PLUS,31,True,NONE
H0927,HBG_9d8c32c09a36,train,401,D08_400_PLUS,28,True,NONE
H0928,HBG_9d8c32c09a36,train,401,D08_400_PLUS,28,True,NONE
H0929,HBG_008fb938cf34,train,10,D03_10_19,1,True,NONE
H0930,HBG_c797cc1c36c4,train,26,D04_20_49,3,True,NONE
H0931,HBG_c797cc1c36c4,train,26,D04_20_49,3,True,NONE
H0932,HBG_51b5be3d1f17,validation,452,D08_400_PLUS,31,True,NONE
H0933,HBG_c797cc1c36c4,train,32,D04_20_49,6,True,NONE
H0934,HBG_2b2aef9a22bf,train,24,D04_20_49,3,True,NONE
H0935,HBG_f6d1d4899699,train,1,D01_1_4,1,True,NONE
H0936,HBG_1ce2cbd827ee,train,5,D02_5_9,1,True,NONE
H0937,HBG_147057346d5e,test,100,D06_100_199,16,True,NONE
H0938,HBG_45aa563130fa,train,399,D07_200_399,30,True,NONE
H0939,HBG_41b9212a005f,train,73,D05_50_99,10,True,NONE
H0940,HBG_1e26b149e9cb,test,44,D04_20_49,6,True,NONE
H0941,HBG_c98bef700353,validation,473,D08_400_PLUS,67,True,NONE
H0943,HBG_b37520902735,train,45,D04_20_49,5,True,NONE
H0944,HBG_24641533cced,train,251,D07_200_399,16,True,ENGLISH_FIELD_DISABLED
H0945,HBG_a871ab32e3d4,train,11,D03_10_19,3,True,NONE
H0946,HBG_ecb32cdff3e6,train,3,D01_1_4,2,True,NONE
H0947,HBG_89f70e3cf134,train,3,D01_1_4,4,True,NONE
H0948,HBG_1ad666fe50ea,train,1,D01_1_4,1,True,NONE
H0949,HBG_aade9ca6e472,train,475,D08_400_PLUS,45,True,NONE
H0950,HBG_aade9ca6e472,train,470,D08_400_PLUS,40,True,NONE
H0951,HBG_aade9ca6e472,train,470,D08_400_PLUS,40,True,NONE
H0952,HBG_24641533cced,train,251,D07_200_399,16,True,ENGLISH_FIELD_DISABLED
H0953,HBG_1ad666fe50ea,train,1,D01_1_4,1,True,NONE
H0954,HBG_1e12b659d031,train,46,D04_20_49,5,True,NONE
H0955,HBG_a8c7a2e3b2df,train,341,D07_200_399,68,True,NONE
H0956,HBG_a8c7a2e3b2df,train,329,D07_200_399,59,True,ENGLISH_FIELD_DISABLED
H0957,HBG_c35834bdb19f,test,304,D07_200_399,12,True,ENGLISH_FIELD_DISABLED
H0958,HBG_082b9891ede2,train,369,D07_200_399,30,True,NONE
H0959,HBG_4bc96374eedd,train,25,D04_20_49,2,True,NONE
H0960,HBG_082b9891ede2,train,354,D07_200_399,20,True,NONE
H0961,HBG_7d8ed6b0d7e1,train,49,D04_20_49,9,True,NONE
H0962,HBG_b91635ec7876,train,69,D05_50_99,6,True,NONE
H0963,HBG_6da0a978b91e,train,92,D05_50_99,6,True,NONE
H0964,HBG_3e8450044b1e,train,20,D04_20_49,4,True,NONE
H0965,HBG_ce843446e503,train,223,D07_200_399,13,True,NONE
H0966,HBG_7ce11234596b,test,8,D02_5_9,1,True,NONE
H0967,HBG_4ab696bcd772,train,318,D07_200_399,18,True,NONE
H0968,HBG_0d58166cffce,train,82,D05_50_99,20,True,NONE
H0969,HBG_08439f9bb950,train,11,D03_10_19,2,True,NONE
H0970,HBG_9fc449f0cff0,test,15,D03_10_19,4,True,NONE
H0971,HBG_7d77f1fccabd,test,19,D03_10_19,4,True,NONE
H0972,HBG_2765d73e44ed,train,200,D07_200_399,30,True,NONE
H0973,HBG_2765d73e44ed,train,176,D06_100_199,26,True,NONE
H0974,HBG_e99f9ecec9ca,train,344,D07_200_399,21,True,NONE
H0975,HBG_e99f9ecec9ca,train,344,D07_200_399,21,True,ENGLISH_FIELD_DISABLED
H0976,HBG_a8bfad9364eb,train,48,D04_20_49,6,True,NONE
H0977,HBG_d6be6e5c9207,train,78,D05_50_99,9,True,NONE
H0978,HBG_43e14141a333,train,222,D07_200_399,6,True,NONE
H0979,HBG_fc708045068e,train,158,D06_100_199,10,True,NONE
H0980,HBG_fc708045068e,train,158,D06_100_199,10,True,NONE
H0981,HBG_da5bbe2e6875,train,76,D05_50_99,6,True,NONE
H0982,HBG_d6be6e5c9207,train,67,D05_50_99,4,True,NONE
H0983,HBG_04cf9df84c0b,train,5,D02_5_9,1,True,NONE
H0984,HBG_04cf9df84c0b,train,5,D02_5_9,1,True,NONE
H0985,HBG_82f5cb60d85c,train,15,D03_10_19,2,True,NONE
H0986,HBG_cfedb189d003,train,15,D03_10_19,1,True,NONE
H0987,HBG_d6be6e5c9207,train,67,D05_50_99,4,True,NONE
H0988,HBG_53b8439ef10c,test,27,D04_20_49,4,True,NONE
H0989,HBG_7438f8f126f4,train,118,D06_100_199,11,True,NONE
H0990,HBG_6aab59f3eacc,train,345,D07_200_399,29,True,NONE
H0991,HBG_d6be6e5c9207,train,67,D05_50_99,4,True,NONE
H0992,HBG_ea1ead304dbf,validation,18,D03_10_19,3,True,NONE
H0993,HBG_5ee4510c7000,train,7,D02_5_9,1,True,NONE
H0994,HBG_a9418b428f99,train,7,D02_5_9,1,True,NONE
H0995,HBG_1431584e10f4,validation,237,D07_200_399,20,True,NONE
H0996,HBG_9d88a173fe85,train,1,D01_1_4,1,True,NONE
H0997,HBG_9d88a173fe85,train,1,D01_1_4,1,True,NONE
H0998,HBG_f014a5848c36,train,199,D06_100_199,23,True,NONE
H0999,HBG_9a63abb3cdd2,train,16,D03_10_19,2,True,NONE
H1000,HBG_f014a5848c36,train,199,D06_100_199,23,True,NONE
H1001,HBG_c132aec841c7,test,17,D03_10_19,3,True,NONE
H1002,HBG_99da9c220f89,train,1,D01_1_4,1,True,NONE
H1003,HBG_99da9c220f89,train,1,D01_1_4,1,True,NONE
H1004,HBG_fffa0acae2cb,train,255,D07_200_399,21,True,NONE
H1005,HBG_0eb7cffdf36f,train,57,D05_50_99,16,True,NONE
H1006,HBG_554b067bfb6d,test,9,D02_5_9,5,True,NONE
H1007,HBG_24641533cced,train,251,D07_200_399,16,True,NONE
H1008,HBG_e11feb61a438,validation,22,D04_20_49,3,True,NONE
H1009,HBG_953727e0f19c,train,115,D06_100_199,21,True,NONE
H1010,HBG_5b3cecd90c07,train,441,D08_400_PLUS,46,True,NONE
H1011,HBG_1c53ad8297f8,train,204,D07_200_399,22,True,NONE
H1012,HBG_2fb3bf687bf5,train,5,D02_5_9,1,True,NONE
H1013,HBG_a269addafd87,train,13,D03_10_19,1,True,NONE
H1014,HBG_6ef52a8f706a,train,12,D03_10_19,2,True,NONE
H1015,HBG_fb3f19cd5c0a,train,369,D07_200_399,41,True,NONE
H1016,HBG_fb3f19cd5c0a,train,365,D07_200_399,39,True,NONE
H1017,HBG_fb3f19cd5c0a,train,365,D07_200_399,39,True,NONE
H1018,HBG_7c2a40180195,validation,11,D03_10_19,2,True,NONE
H1019,HBG_98ec79ed556f,train,234,D07_200_399,14,True,NONE
H1020,HBG_98ec79ed556f,train,233,D07_200_399,13,True,NONE
H1021,HBG_189f3a701e2b,test,355,D07_200_399,15,True,ENGLISH_FIELD_DISABLED
H1022,HBG_22ee4049cd25,train,56,D05_50_99,10,True,NONE
H1023,HBG_e228eccb6bc2,train,2,D01_1_4,1,True,NONE
H1024,HBG_ccff8704c15c,validation,15,D03_10_19,1,True,NONE
H1025,HBG_52a5f922d0f2,test,33,D04_20_49,2,True,NONE
H1026,HBG_ba4fb545ef78,train,307,D07_200_399,14,True,NONE
H1027,HBG_ed1f3d94aa21,train,32,D04_20_49,3,True,NONE
H1028,HBG_1e97727f686b,train,61,D05_50_99,4,True,NONE
H1029,HBG_1911acd50b6e,train,327,D07_200_399,19,True,NONE
H1030,HBG_7de5a8b3e7f9,train,79,D05_50_99,16,True,NONE
H1031,HBG_9fa405d7899d,train,1,D01_1_4,1,True,NONE
H1032,HBG_32985646f961,train,1,D01_1_4,1,True,NONE
H1033,HBG_29a6f39d5052,train,98,D05_50_99,9,True,NONE
H1034,HBG_3dcc26eed848,test,369,D07_200_399,32,True,ENGLISH_FIELD_DISABLED
H1035,HBG_ffaad43f8e1e,train,68,D05_50_99,10,True,NONE
H1036,HBG_b4f44fc9e539,test,272,D07_200_399,11,True,NONE
H1037,HBG_c4d4610dd910,train,29,D04_20_49,1,True,NONE
H1038,HBG_aedcf3af8431,validation,26,D04_20_49,1,True,NONE
H1039,HBG_2fb3bf687bf5,train,18,D03_10_19,3,True,NONE
H1040,HBG_d9f0fe6708b0,train,37,D04_20_49,5,True,NONE
H1041,HBG_a01a3b9316d8,train,25,D04_20_49,5,True,NONE
H1042,HBG_6a03e1703dcb,train,7,D02_5_9,3,True,NONE
H1043,HBG_70532ed82d81,train,1,D01_1_4,1,True,NONE
H1044,HBG_e3e46da5d7a0,test,26,D04_20_49,1,True,NONE
H1045,HBG_f2810554dc6f,train,233,D07_200_399,10,True,NONE
H1046,HBG_f2810554dc6f,train,233,D07_200_399,10,True,NONE
H1047,HBG_2b23a3e4bd3f,train,131,D06_100_199,9,True,NONE
H1048,HBG_15021dd7a4db,train,42,D04_20_49,1,True,NONE
H1049,HBG_2b23a3e4bd3f,train,131,D06_100_199,9,True,NONE
H1050,HBG_a4a24a469429,train,9,D02_5_9,3,True,NONE
H1051,HBG_941d2832fec4,train,460,D08_400_PLUS,65,True,NONE
H1052,HBG_0b88b4c93ec8,train,56,D05_50_99,8,True,NONE
H1053,HBG_ffaad43f8e1e,train,58,D05_50_99,9,True,NONE
H1054,HBG_8ace3bd3f588,validation,13,D03_10_19,4,True,NONE
H1055,HBG_941d2832fec4,train,457,D08_400_PLUS,60,True,NONE
H1056,HBG_123c28dcb2a4,validation,86,D05_50_99,9,True,NONE
H1057,HBG_a871ab32e3d4,train,11,D03_10_19,3,True,NONE
H1059,HBG_9a253e1c4385,train,22,D04_20_49,1,True,NONE
H1060,HBG_98697b1d2c8a,validation,44,D04_20_49,7,True,NONE
H1061,HBG_c49ea814bdf0,train,316,D07_200_399,14,True,NONE
H1062,HBG_a871ab32e3d4,train,12,D03_10_19,4,True,NONE
H1063,HBG_a871ab32e3d4,train,11,D03_10_19,3,True,NONE
H1064,HBG_57d4260a673b,train,6,D02_5_9,2,True,NONE
H1065,HBG_6be83661d5dc,train,1,D01_1_4,1,True,NONE
H1066,HBG_23bd7504ffd5,train,374,D07_200_399,44,True,NONE
H1067,HBG_23bd7504ffd5,train,372,D07_200_399,41,True,NONE
H1068,HBG_c49ea814bdf0,train,315,D07_200_399,13,True,NONE
H1069,HBG_23bd7504ffd5,train,372,D07_200_399,41,True,NONE
H1070,HBG_23bd7504ffd5,train,372,D07_200_399,41,True,NONE
H1071,HBG_23bd7504ffd5,train,372,D07_200_399,41,True,NONE
H1072,HBG_23bd7504ffd5,train,372,D07_200_399,41,True,NONE
H1073,HBG_23bd7504ffd5,train,372,D07_200_399,41,True,NONE
H1074,HBG_23bd7504ffd5,train,372,D07_200_399,41,True,NONE
H1075,HBG_23bd7504ffd5,train,372,D07_200_399,41,True,NONE
H1076,HBG_11f2a588f305,train,3,D01_1_4,1,True,NONE
H1077,HBG_5007b7c5daae,train,207,D07_200_399,17,True,NONE
H1078,HBG_829d47387bff,train,69,D05_50_99,3,True,NONE
H1079,HBG_2765d73e44ed,train,176,D06_100_199,26,True,NONE
H1080,HBG_e54293e3b42f,train,180,D06_100_199,9,True,NONE
H1081,HBG_0f1b5d1e0e26,train,1,D01_1_4,1,True,NONE
H1082,HBG_48d84bc56d8a,train,106,D06_100_199,11,True,NONE
H1083,HBG_cae120c32752,train,12,D03_10_19,1,True,NONE
H1084,HBG_2db7627af0cd,train,3,D01_1_4,1,True,NONE
H1085,HBG_962153c78161,train,11,D03_10_19,3,True,NONE
H1086,HBG_d76815b5fabc,test,24,D04_20_49,1,True,NONE
H1087,HBG_e3f4826f70f4,train,21,D04_20_49,6,True,NONE
H1088,HBG_2906cf399696,train,21,D04_20_49,3,True,NONE
H1089,HBG_045a2b72d60d,validation,46,D04_20_49,10,True,NONE
H1090,HBG_95e156b8e95f,test,338,D07_200_399,33,True,NONE
H1091,HBG_dceb7b6ac678,validation,21,D04_20_49,1,True,NONE
H1092,HBG_5fda4b83ea47,train,365,D07_200_399,12,True,NONE
H1093,HBG_5fda4b83ea47,train,365,D07_200_399,12,True,NONE
H1094,HBG_e54293e3b42f,train,180,D06_100_199,9,True,NONE
H1095,HBG_e54293e3b42f,train,180,D06_100_199,9,True,NONE
H1096,HBG_e54293e3b42f,train,180,D06_100_199,9,True,NONE
H1097,HBG_6aab59f3eacc,train,344,D07_200_399,27,True,ENGLISH_FIELD_DISABLED
H1098,HBG_ad3ff7d0f06b,validation,21,D04_20_49,2,True,NONE
H1099,HBG_1ef38191eed8,test,151,D06_100_199,13,True,NONE
H1100,HBG_5e1c7633b3f2,train,94,D05_50_99,8,True,NONE
H1101,HBG_a4a24a469429,train,9,D02_5_9,3,True,NONE
H1102,HBG_3e150df43f89,validation,223,D07_200_399,12,True,NONE
H1103,HBG_60d871f40623,train,1,D01_1_4,1,True,NONE
H1104,HBG_fc7acfa4d343,train,225,D07_200_399,25,True,NONE
H1105,HBG_fc7acfa4d343,train,219,D07_200_399,18,True,NONE
H1106,HBG_fc7acfa4d343,train,219,D07_200_399,18,True,ENGLISH_FIELD_DISABLED
H1107,HBG_fc7acfa4d343,train,219,D07_200_399,18,True,NONE
H1108,HBG_fc7acfa4d343,train,219,D07_200_399,18,True,ENGLISH_FIELD_DISABLED
H1109,HBG_9da1426983c2,train,270,D07_200_399,13,True,NONE
H1110,HBG_5cefda5a0042,train,105,D06_100_199,14,True,NONE
H1111,HBG_fc7acfa4d343,train,219,D07_200_399,18,True,NONE
H1112,HBG_fc7acfa4d343,train,219,D07_200_399,18,True,NONE
H1113,HBG_a7a79230830f,validation,28,D04_20_49,2,True,NONE
H1114,HBG_1fce6eda1453,train,54,D05_50_99,8,True,NONE
H1115,HBG_615797f8f1a0,train,149,D06_100_199,19,True,NONE
H1116,HBG_52b214df152e,validation,32,D04_20_49,5,True,NONE
H1117,HBG_4c8207aae820,test,346,D07_200_399,8,True,NONE
H1118,HBG_5d8afaa98564,train,43,D04_20_49,7,True,NONE
H1119,HBG_ac4ad638f11b,train,5,D02_5_9,2,True,NONE
H1120,HBG_5b3cecd90c07,train,441,D08_400_PLUS,49,True,NONE
H1121,HBG_88f1f4228f1a,train,17,D03_10_19,2,True,NONE
H1122,HBG_ef636d357694,train,11,D03_10_19,1,True,NONE
H1123,HBG_9ad7b46517a7,test,11,D03_10_19,1,True,NONE
H1124,HBG_9a629fb56562,train,417,D08_400_PLUS,32,True,NONE
H1125,HBG_dddb0c7a5a97,validation,5,D02_5_9,1,True,NONE
H1126,HBG_02fac5b87e7e,train,11,D03_10_19,1,True,NONE
H1127,HBG_56d2c3215c10,train,334,D07_200_399,29,True,NONE
H1128,HBG_1900ff27f557,validation,350,D07_200_399,24,True,NONE
H1129,HBG_87b6d6492163,train,50,D05_50_99,7,True,NONE
H1130,HBG_efc30d3327ec,train,97,D05_50_99,6,True,NONE
H1131,HBG_9c3a91690ce6,test,42,D04_20_49,3,True,NONE
H1132,HBG_102f0062f0a8,train,1,D01_1_4,1,True,NONE
H1133,HBG_bb2b3d438d62,train,357,D07_200_399,16,True,NONE
H1134,HBG_85a2d0181b53,train,174,D06_100_199,19,True,NONE
H1135,HBG_1cf6493ae947,train,22,D04_20_49,3,True,NONE
H1136,HBG_b5af9abf5f11,train,11,D03_10_19,1,True,NONE
H1137,HBG_082a75b7cc63,train,83,D05_50_99,6,True,ENGLISH_FIELD_DISABLED
H1138,HBG_889cc6984044,test,345,D07_200_399,20,True,NONE
H1139,HBG_1fce6eda1453,train,54,D05_50_99,8,True,NONE
H1140,HBG_1068856da35d,train,320,D07_200_399,13,True,ENGLISH_FIELD_DISABLED
H1141,HBG_1068856da35d,train,320,D07_200_399,13,True,NONE
H1142,HBG_f9af09d1b93f,train,6,D02_5_9,1,True,NONE
H1143,HBG_13183e8a372a,train,3,D01_1_4,1,True,NONE
H1144,HBG_2b23a3e4bd3f,train,42,D04_20_49,1,True,NONE
H1147,HBG_09367dd73e8b,train,74,D05_50_99,7,True,NONE
H1148,HBG_09367dd73e8b,train,74,D05_50_99,7,True,NONE
H1149,HBG_09367dd73e8b,train,74,D05_50_99,7,True,NONE
H1150,HBG_09367dd73e8b,train,74,D05_50_99,7,True,NONE
H1151,HBG_99da9c220f89,train,1,D01_1_4,1,True,NONE
H1152,HBG_b5aad492be66,train,417,D08_400_PLUS,25,True,NONE
H1153,HBG_d680a42b2d0d,train,1,D01_1_4,1,True,NONE
H1154,HBG_0864ba1357c3,test,219,D07_200_399,7,True,NONE
H1155,HBG_2257cfc962dd,train,4,D01_1_4,1,True,NONE
H1156,HBG_2765d73e44ed,train,176,D06_100_199,26,True,NONE
H1157,HBG_526f41306d38,train,6,D02_5_9,2,True,NONE
H1158,HBG_6b0bb3967115,train,10,D03_10_19,1,True,NONE
H1159,HBG_f5e6c4e1d4f0,train,1,D01_1_4,1,True,NONE
H1160,HBG_24ee82070b38,train,76,D05_50_99,3,True,NONE
H1161,HBG_778789263c8b,validation,375,D07_200_399,24,True,NONE
H1162,HBG_5708180f62c7,test,36,D04_20_49,4,True,NONE
H1163,HBG_42d3d061919b,train,51,D05_50_99,2,True,NONE
H1164,HBG_da88ae3587f6,train,448,D08_400_PLUS,57,True,NONE
H1165,HBG_766fa6625009,test,30,D04_20_49,2,True,NONE
H1166,HBG_a8a5748ba6c0,validation,254,D07_200_399,7,True,NONE
H1167,HBG_0627575a93de,train,66,D05_50_99,4,True,NONE
H1168,HBG_0627575a93de,train,66,D05_50_99,4,True,NONE
H1169,HBG_da88ae3587f6,train,450,D08_400_PLUS,60,True,NONE
H1170,HBG_f72474bc0ddb,train,240,D07_200_399,24,True,NONE
H1171,HBG_f72474bc0ddb,train,239,D07_200_399,21,True,NONE
H1172,HBG_6d6be19f5608,train,12,D03_10_19,1,True,NONE
H1173,HBG_1c53ad8297f8,train,204,D07_200_399,22,True,NONE
H1174,HBG_24641533cced,train,251,D07_200_399,16,True,NONE
H1175,HBG_155729ed5825,train,6,D02_5_9,3,True,NONE
H1176,HBG_5007b7c5daae,train,207,D07_200_399,17,True,NONE
H1177,HBG_a6d5e6569946,train,1,D01_1_4,1,True,NONE
H1178,HBG_c4df15bfca5e,test,16,D03_10_19,1,True,NONE
H1179,HBG_d6715848d9c5,train,31,D04_20_49,4,True,NONE
H1180,HBG_03eceaf747d7,train,12,D03_10_19,3,True,NONE
H1181,HBG_cf1b6d92c31e,train,216,D07_200_399,15,True,NONE
H1182,HBG_8f96bd0f52c8,train,2,D01_1_4,1,True,NONE
H1183,HBG_a4a73c8fc474,train,252,D07_200_399,23,True,NONE
H1184,HBG_42b4a7965b1c,validation,271,D07_200_399,16,True,NONE
H1185,HBG_2c3e5ea766a9,train,23,D04_20_49,7,True,NONE
H1186,HBG_0e3e9104d4dd,validation,116,D06_100_199,13,True,NONE
H1187,HBG_c3ec45f3dbf0,train,52,D05_50_99,3,True,NONE
H1188,HBG_0d1021cad155,validation,336,D07_200_399,28,True,NONE
H1189,HBG_3a49c6706d6e,test,44,D04_20_49,3,True,NONE
H1190,HBG_db686f1fc52b,train,22,D04_20_49,5,True,NONE
H1191,HBG_c098b07dc6c2,validation,18,D03_10_19,7,True,NONE
H1192,HBG_17cb7e8426b9,train,43,D04_20_49,6,True,NONE
H1193,HBG_17cb7e8426b9,train,43,D04_20_49,6,True,ENGLISH_FIELD_DISABLED
H1194,HBG_17cb7e8426b9,train,43,D04_20_49,6,True,ENGLISH_FIELD_DISABLED
H1195,HBG_a57f35712a1e,train,26,D04_20_49,2,True,NONE
H1196,HBG_44c39709264b,train,21,D04_20_49,6,True,NONE
H1197,HBG_f5d4d1d65c57,test,12,D03_10_19,2,True,NONE
H1198,HBG_c22be55e1f48,train,43,D04_20_49,12,True,NONE
H1199,HBG_62b6fb672999,train,2,D01_1_4,1,True,NONE
H1200,HBG_b1cfc8363771,train,26,D04_20_49,6,True,NONE
H1201,HBG_da98a13518b0,train,258,D07_200_399,19,True,NONE
H1202,HBG_4a976df4b8f6,train,248,D07_200_399,12,True,NONE
H1203,HBG_71fe0f0f7210,train,253,D07_200_399,23,True,NONE
H1204,HBG_5007b7c5daae,train,209,D07_200_399,18,True,NONE
H1205,HBG_7c4654aaef41,train,53,D05_50_99,5,True,NONE
H1206,HBG_dd17e8e6814a,train,3,D01_1_4,2,True,NONE
H1207,HBG_cf1b6d92c31e,train,216,D07_200_399,14,True,NONE
H1208,HBG_cf1b6d92c31e,train,216,D07_200_399,14,True,NONE
H1209,HBG_1b8c1875da4c,train,9,D02_5_9,2,True,NONE
H1210,HBG_bf516abe502c,train,24,D04_20_49,4,True,NONE
H1211,HBG_fdcc485d52a8,train,118,D06_100_199,11,True,NONE
H1212,HBG_b8ffaf87c34d,train,104,D06_100_199,9,True,ENGLISH_FIELD_DISABLED
H1213,HBG_de7b6ea10465,test,464,D08_400_PLUS,28,True,NONE
H1214,HBG_ca38343942f6,train,340,D07_200_399,33,True,NONE
H1215,HBG_6260999fea64,test,44,D04_20_49,5,True,NONE
H1216,HBG_f4b2ad141283,train,1,D01_1_4,1,True,NONE
H1217,HBG_6bf526c7746c,train,299,D07_200_399,22,True,NONE
H1218,HBG_19db8d1b42bf,train,159,D06_100_199,5,True,ENGLISH_AUXILIARY_ONLY
H1219,HBG_19db8d1b42bf,train,159,D06_100_199,5,True,ENGLISH_AUXILIARY_ONLY
H1220,HBG_8f2b2da0c7e8,train,314,D07_200_399,25,True,ENGLISH_FIELD_DISABLED
H1221,HBG_8f2b2da0c7e8,train,314,D07_200_399,25,True,ENGLISH_FIELD_DISABLED
H1222,HBG_06b6a964fba4,train,382,D07_200_399,26,True,NONE
H1223,HBG_ba4fb545ef78,train,307,D07_200_399,14,True,ENGLISH_FIELD_DISABLED
H1224,HBG_06b6a964fba4,train,382,D07_200_399,26,True,NONE
H1225,HBG_06b6a964fba4,train,382,D07_200_399,26,True,ENGLISH_FIELD_DISABLED
H1226,HBG_40c78bab6c15,train,101,D06_100_199,6,True,NONE
H1227,HBG_06b6a964fba4,train,382,D07_200_399,26,True,ENGLISH_FIELD_DISABLED
H1228,HBG_615797f8f1a0,train,149,D06_100_199,20,True,NONE
H1229,HBG_a3317d8fce68,train,104,D06_100_199,13,True,NONE
H1230,HBG_615797f8f1a0,train,149,D06_100_199,19,True,NONE
H1231,HBG_615797f8f1a0,train,149,D06_100_199,19,True,NONE
H1232,HBG_a47c1fa3d696,train,255,D07_200_399,13,True,ENGLISH_FIELD_DISABLED
H1233,HBG_5bd94cd31993,train,10,D03_10_19,1,True,NONE
H1234,HBG_c57c5cab66af,validation,12,D03_10_19,1,True,NONE
H1235,HBG_b9e56aa641d7,validation,130,D06_100_199,15,True,NONE
H1236,HBG_a84426352825,train,6,D02_5_9,1,True,NONE
H1237,HBG_aad5191638e1,test,5,D02_5_9,1,True,NONE
H1238,HBG_2c696ef7c110,train,37,D04_20_49,2,True,NONE
H1239,HBG_2c696ef7c110,train,37,D04_20_49,2,True,NONE
H1240,HBG_25bce595388f,test,472,D08_400_PLUS,45,True,ENGLISH_FIELD_DISABLED
H1241,HBG_ef58b94c11ae,train,139,D06_100_199,19,True,NONE
H1242,HBG_ef58b94c11ae,train,136,D06_100_199,18,True,NONE
H1243,HBG_ef58b94c11ae,train,136,D06_100_199,18,True,NONE
H1244,HBG_353c5798293c,test,383,D07_200_399,32,True,ENGLISH_FIELD_DISABLED
H1245,HBG_e905688855f1,train,13,D03_10_19,4,True,NONE
H1246,HBG_a12b3ace65f7,validation,214,D07_200_399,4,True,NONE
H1247,HBG_adaf95cb0098,train,256,D07_200_399,18,True,NONE
H1248,HBG_adaf95cb0098,train,240,D07_200_399,15,True,NONE
H1249,HBG_adaf95cb0098,train,240,D07_200_399,15,True,NONE
H1250,HBG_adaf95cb0098,train,240,D07_200_399,15,True,NONE
H1251,HBG_3379727f2d33,train,288,D07_200_399,22,True,NONE
H1252,HBG_3379727f2d33,train,276,D07_200_399,18,True,NONE
H1253,HBG_3379727f2d33,train,276,D07_200_399,18,True,NONE
H1254,HBG_3379727f2d33,train,276,D07_200_399,18,True,NONE
