model,config_id,seed_name,run_id,metric,historical_reference,reproduced_public_export,absolute_difference,within_tolerance,atol,rtol
GCN,CFG04,FINAL_01,GCN__CFG04__FINAL_01,macro_aupr,0.6713219349578784,0.6713219349578784,0.0,True,1e-06,1e-06
GCN,CFG04,FINAL_01,GCN__CFG04__FINAL_01,macro_auroc,0.952172040114475,0.952172040114475,0.0,True,1e-06,1e-06
GCN,CFG04,FINAL_01,GCN__CFG04__FINAL_01,micro_aupr,0.7714863952097294,0.7714865542782375,1.5906850814317863e-07,True,1e-06,1e-06
GCN,CFG04,FINAL_01,GCN__CFG04__FINAL_01,micro_auroc,0.9462411422285666,0.9462411422285666,0.0,True,1e-06,1e-06
GCN,CFG04,FINAL_01,GCN__CFG04__FINAL_01,recall_at_10,0.23908286123589004,0.23908286123589004,0.0,True,1e-06,1e-06
GCN,CFG04,FINAL_01,GCN__CFG04__FINAL_01,recall_at_20,0.33878259923134113,0.33878259923134113,0.0,True,1e-06,1e-06
GCN,CFG04,FINAL_01,GCN__CFG04__FINAL_01,recall_at_50,0.48866654235127877,0.48866654235127877,0.0,True,1e-06,1e-06
GCN,CFG04,FINAL_01,GCN__CFG04__FINAL_01,ndcg_at_10,0.7881386946535242,0.7881386946535242,0.0,True,1e-06,1e-06
GCN,CFG04,FINAL_01,GCN__CFG04__FINAL_01,ndcg_at_20,0.761414676338338,0.761414676338338,0.0,True,1e-06,1e-06
GCN,CFG04,FINAL_01,GCN__CFG04__FINAL_01,ndcg_at_50,0.7727104297786354,0.7727104297786354,0.0,True,1e-06,1e-06
GCN,CFG04,FINAL_01,GCN__CFG04__FINAL_01,mrr_first_positive,0.8640611004691339,0.8640611004691339,0.0,True,1e-06,1e-06
GCN,CFG04,FINAL_02,GCN__CFG04__FINAL_02,macro_aupr,0.669958549494015,0.669958549494015,0.0,True,1e-06,1e-06
GCN,CFG04,FINAL_02,GCN__CFG04__FINAL_02,macro_auroc,0.9551716535894449,0.9551716535894449,0.0,True,1e-06,1e-06
GCN,CFG04,FINAL_02,GCN__CFG04__FINAL_02,micro_aupr,0.7640235099382531,0.7640234730472302,3.689102290316271e-08,True,1e-06,1e-06
GCN,CFG04,FINAL_02,GCN__CFG04__FINAL_02,micro_auroc,0.9429609656701472,0.9429609652736003,3.965469064226568e-10,True,1e-06,1e-06
GCN,CFG04,FINAL_02,GCN__CFG04__FINAL_02,recall_at_10,0.24532645778295434,0.24532645778295434,0.0,True,1e-06,1e-06
GCN,CFG04,FINAL_02,GCN__CFG04__FINAL_02,recall_at_20,0.3422355510589764,0.3422355510589764,0.0,True,1e-06,1e-06
GCN,CFG04,FINAL_02,GCN__CFG04__FINAL_02,recall_at_50,0.48532415018025443,0.48532415018025443,0.0,True,1e-06,1e-06
GCN,CFG04,FINAL_02,GCN__CFG04__FINAL_02,ndcg_at_10,0.786032749980756,0.786032749980756,0.0,True,1e-06,1e-06
GCN,CFG04,FINAL_02,GCN__CFG04__FINAL_02,ndcg_at_20,0.7623973084559861,0.7623973084559861,0.0,True,1e-06,1e-06
GCN,CFG04,FINAL_02,GCN__CFG04__FINAL_02,ndcg_at_50,0.7703090230905983,0.7703090230905983,0.0,True,1e-06,1e-06
GCN,CFG04,FINAL_02,GCN__CFG04__FINAL_02,mrr_first_positive,0.889650584287863,0.889650584287863,0.0,True,1e-06,1e-06
GCN,CFG04,FINAL_03,GCN__CFG04__FINAL_03,macro_aupr,0.683247113682973,0.683247113682973,0.0,True,1e-06,1e-06
GCN,CFG04,FINAL_03,GCN__CFG04__FINAL_03,macro_auroc,0.9530485060250579,0.9530485060250579,0.0,True,1e-06,1e-06
GCN,CFG04,FINAL_03,GCN__CFG04__FINAL_03,micro_aupr,0.7769927936795048,0.7769927683235284,2.5355976429608518e-08,True,1e-06,1e-06
GCN,CFG04,FINAL_03,GCN__CFG04__FINAL_03,micro_auroc,0.9482743123909889,0.9482743131840827,7.930938128453136e-10,True,1e-06,1e-06
GCN,CFG04,FINAL_03,GCN__CFG04__FINAL_03,recall_at_10,0.2506842346188899,0.2506842346188899,0.0,True,1e-06,1e-06
GCN,CFG04,FINAL_03,GCN__CFG04__FINAL_03,recall_at_20,0.35329262177244364,0.35329262177244364,0.0,True,1e-06,1e-06
GCN,CFG04,FINAL_03,GCN__CFG04__FINAL_03,recall_at_50,0.5104412438339669,0.5104412438339669,0.0,True,1e-06,1e-06
GCN,CFG04,FINAL_03,GCN__CFG04__FINAL_03,ndcg_at_10,0.8022753374734513,0.8022753374734513,0.0,True,1e-06,1e-06
GCN,CFG04,FINAL_03,GCN__CFG04__FINAL_03,ndcg_at_20,0.7736374608846586,0.7736374608846586,0.0,True,1e-06,1e-06
GCN,CFG04,FINAL_03,GCN__CFG04__FINAL_03,ndcg_at_50,0.7885620324572647,0.7885620324572647,0.0,True,1e-06,1e-06
GCN,CFG04,FINAL_03,GCN__CFG04__FINAL_03,mrr_first_positive,0.8715351812366738,0.8715351812366738,0.0,True,1e-06,1e-06
GCN,CFG04,FINAL_04,GCN__CFG04__FINAL_04,macro_aupr,0.6844856650482916,0.6844856650482916,0.0,True,1e-06,1e-06
GCN,CFG04,FINAL_04,GCN__CFG04__FINAL_04,macro_auroc,0.9474192999499353,0.9474192999499353,0.0,True,1e-06,1e-06
GCN,CFG04,FINAL_04,GCN__CFG04__FINAL_04,micro_aupr,0.7773222172659047,0.7773221327444478,8.452145683346401e-08,True,1e-06,1e-06
GCN,CFG04,FINAL_04,GCN__CFG04__FINAL_04,micro_auroc,0.9445601604457985,0.9445601608423454,3.965469064226568e-10,True,1e-06,1e-06
GCN,CFG04,FINAL_04,GCN__CFG04__FINAL_04,recall_at_10,0.24556469826347713,0.24556469826347713,0.0,True,1e-06,1e-06
GCN,CFG04,FINAL_04,GCN__CFG04__FINAL_04,recall_at_20,0.3572452874171984,0.3572452874171984,0.0,True,1e-06,1e-06
GCN,CFG04,FINAL_04,GCN__CFG04__FINAL_04,recall_at_50,0.4939169928557138,0.4939169928557138,0.0,True,1e-06,1e-06
GCN,CFG04,FINAL_04,GCN__CFG04__FINAL_04,ndcg_at_10,0.798174776317364,0.798174776317364,0.0,True,1e-06,1e-06
GCN,CFG04,FINAL_04,GCN__CFG04__FINAL_04,ndcg_at_20,0.7802704648510058,0.7802704648510058,0.0,True,1e-06,1e-06
GCN,CFG04,FINAL_04,GCN__CFG04__FINAL_04,ndcg_at_50,0.7848120139983975,0.7848120139983975,0.0,True,1e-06,1e-06
GCN,CFG04,FINAL_04,GCN__CFG04__FINAL_04,mrr_first_positive,0.8875162005100548,0.8875162005100548,0.0,True,1e-06,1e-06
GCN,CFG04,FINAL_05,GCN__CFG04__FINAL_05,macro_aupr,0.6864163305904678,0.6864163305904678,0.0,True,1e-06,1e-06
GCN,CFG04,FINAL_05,GCN__CFG04__FINAL_05,macro_auroc,0.949899752158933,0.949899752158933,0.0,True,1e-06,1e-06
GCN,CFG04,FINAL_05,GCN__CFG04__FINAL_05,micro_aupr,0.7584019817299189,0.7584021115814493,1.2985153041711328e-07,True,1e-06,1e-06
GCN,CFG04,FINAL_05,GCN__CFG04__FINAL_05,micro_auroc,0.9446503574197851,0.9446503574197852,1.1102230246251565e-16,True,1e-06,1e-06
GCN,CFG04,FINAL_05,GCN__CFG04__FINAL_05,recall_at_10,0.25571393333385245,0.25571393333385245,0.0,True,1e-06,1e-06
GCN,CFG04,FINAL_05,GCN__CFG04__FINAL_05,recall_at_20,0.35169921323247044,0.35169921323247044,0.0,True,1e-06,1e-06
GCN,CFG04,FINAL_05,GCN__CFG04__FINAL_05,recall_at_50,0.48034478948505116,0.48034478948505116,0.0,True,1e-06,1e-06
GCN,CFG04,FINAL_05,GCN__CFG04__FINAL_05,ndcg_at_10,0.8131694310526283,0.8131694310526283,0.0,True,1e-06,1e-06
GCN,CFG04,FINAL_05,GCN__CFG04__FINAL_05,ndcg_at_20,0.7776313054858289,0.7776313054858289,0.0,True,1e-06,1e-06
GCN,CFG04,FINAL_05,GCN__CFG04__FINAL_05,ndcg_at_50,0.7799382170845093,0.7799382170845093,0.0,True,1e-06,1e-06
GCN,CFG04,FINAL_05,GCN__CFG04__FINAL_05,mrr_first_positive,0.9056740108978913,0.9056740108978913,0.0,True,1e-06,1e-06
GraphSAGE,CFG04,FINAL_01,GraphSAGE__CFG04__FINAL_01,macro_aupr,0.6584053405719379,0.6584053405719379,0.0,True,1e-06,1e-06
GraphSAGE,CFG04,FINAL_01,GraphSAGE__CFG04__FINAL_01,macro_auroc,0.9542339704064188,0.9542339704064188,0.0,True,1e-06,1e-06
GraphSAGE,CFG04,FINAL_01,GraphSAGE__CFG04__FINAL_01,micro_aupr,0.7586245589714323,0.758624523465007,3.550642535543602e-08,True,1e-06,1e-06
GraphSAGE,CFG04,FINAL_01,GraphSAGE__CFG04__FINAL_01,micro_auroc,0.9505599834018787,0.9505599857811602,2.3792814385359407e-09,True,1e-06,1e-06
GraphSAGE,CFG04,FINAL_01,GraphSAGE__CFG04__FINAL_01,recall_at_10,0.23683289577859856,0.23683289577859856,0.0,True,1e-06,1e-06
GraphSAGE,CFG04,FINAL_01,GraphSAGE__CFG04__FINAL_01,recall_at_20,0.33535722584444794,0.33535722584444794,0.0,True,1e-06,1e-06
GraphSAGE,CFG04,FINAL_01,GraphSAGE__CFG04__FINAL_01,recall_at_50,0.47100828771416486,0.47100828771416486,0.0,True,1e-06,1e-06
GraphSAGE,CFG04,FINAL_01,GraphSAGE__CFG04__FINAL_01,ndcg_at_10,0.7705260294277345,0.7705260294277345,0.0,True,1e-06,1e-06
GraphSAGE,CFG04,FINAL_01,GraphSAGE__CFG04__FINAL_01,ndcg_at_20,0.7475903786653969,0.7475903786653969,0.0,True,1e-06,1e-06
GraphSAGE,CFG04,FINAL_01,GraphSAGE__CFG04__FINAL_01,ndcg_at_50,0.7559064729051205,0.7559064729051205,0.0,True,1e-06,1e-06
GraphSAGE,CFG04,FINAL_01,GraphSAGE__CFG04__FINAL_01,mrr_first_positive,0.8608995067950292,0.8608995067950292,0.0,True,1e-06,1e-06
GraphSAGE,CFG04,FINAL_02,GraphSAGE__CFG04__FINAL_02,macro_aupr,0.6738718669491138,0.6738718669491138,0.0,True,1e-06,1e-06
GraphSAGE,CFG04,FINAL_02,GraphSAGE__CFG04__FINAL_02,macro_auroc,0.9564234379636976,0.9564234379636976,0.0,True,1e-06,1e-06
GraphSAGE,CFG04,FINAL_02,GraphSAGE__CFG04__FINAL_02,micro_aupr,0.7828672334875989,0.7828670454600503,1.8802754864211124e-07,True,1e-06,1e-06
GraphSAGE,CFG04,FINAL_02,GraphSAGE__CFG04__FINAL_02,micro_auroc,0.9501153698511501,0.9501153686615094,1.1896407192679703e-09,True,1e-06,1e-06
GraphSAGE,CFG04,FINAL_02,GraphSAGE__CFG04__FINAL_02,recall_at_10,0.24219116444978586,0.24219116444978586,0.0,True,1e-06,1e-06
GraphSAGE,CFG04,FINAL_02,GraphSAGE__CFG04__FINAL_02,recall_at_20,0.34786968838457943,0.34786968838457943,0.0,True,1e-06,1e-06
GraphSAGE,CFG04,FINAL_02,GraphSAGE__CFG04__FINAL_02,recall_at_50,0.4874966870693989,0.4874966870693989,0.0,True,1e-06,1e-06
GraphSAGE,CFG04,FINAL_02,GraphSAGE__CFG04__FINAL_02,ndcg_at_10,0.779536354632293,0.779536354632293,0.0,True,1e-06,1e-06
GraphSAGE,CFG04,FINAL_02,GraphSAGE__CFG04__FINAL_02,ndcg_at_20,0.7582938798508165,0.7582938798508165,0.0,True,1e-06,1e-06
GraphSAGE,CFG04,FINAL_02,GraphSAGE__CFG04__FINAL_02,ndcg_at_50,0.7707833229337177,0.7707833229337177,0.0,True,1e-06,1e-06
GraphSAGE,CFG04,FINAL_02,GraphSAGE__CFG04__FINAL_02,mrr_first_positive,0.86164067721096,0.86164067721096,0.0,True,1e-06,1e-06
GraphSAGE,CFG04,FINAL_03,GraphSAGE__CFG04__FINAL_03,macro_aupr,0.6721949801096584,0.6721949801096584,0.0,True,1e-06,1e-06
GraphSAGE,CFG04,FINAL_03,GraphSAGE__CFG04__FINAL_03,macro_auroc,0.9557714022822889,0.9557714022822889,0.0,True,1e-06,1e-06
GraphSAGE,CFG04,FINAL_03,GraphSAGE__CFG04__FINAL_03,micro_aupr,0.7784192333054022,0.7784194444045917,2.1109918946216055e-07,True,1e-06,1e-06
GraphSAGE,CFG04,FINAL_03,GraphSAGE__CFG04__FINAL_03,micro_auroc,0.9542216135019186,0.9542216123122779,1.1896407192679703e-09,True,1e-06,1e-06
GraphSAGE,CFG04,FINAL_03,GraphSAGE__CFG04__FINAL_03,recall_at_10,0.23661251287773333,0.23661251287773333,0.0,True,1e-06,1e-06
GraphSAGE,CFG04,FINAL_03,GraphSAGE__CFG04__FINAL_03,recall_at_20,0.3357669743538138,0.3357669743538138,0.0,True,1e-06,1e-06
GraphSAGE,CFG04,FINAL_03,GraphSAGE__CFG04__FINAL_03,recall_at_50,0.4964007210621655,0.4964007210621655,0.0,True,1e-06,1e-06
GraphSAGE,CFG04,FINAL_03,GraphSAGE__CFG04__FINAL_03,ndcg_at_10,0.772158027820616,0.772158027820616,0.0,True,1e-06,1e-06
GraphSAGE,CFG04,FINAL_03,GraphSAGE__CFG04__FINAL_03,ndcg_at_20,0.7468943885624969,0.7468943885624969,0.0,True,1e-06,1e-06
GraphSAGE,CFG04,FINAL_03,GraphSAGE__CFG04__FINAL_03,ndcg_at_50,0.7712509156919148,0.7712509156919148,0.0,True,1e-06,1e-06
GraphSAGE,CFG04,FINAL_03,GraphSAGE__CFG04__FINAL_03,mrr_first_positive,0.8635177047024062,0.8635177047024062,0.0,True,1e-06,1e-06
GraphSAGE,CFG04,FINAL_04,GraphSAGE__CFG04__FINAL_04,macro_aupr,0.6772311959822908,0.6772311959822908,0.0,True,1e-06,1e-06
GraphSAGE,CFG04,FINAL_04,GraphSAGE__CFG04__FINAL_04,macro_auroc,0.9536995216429591,0.9536995216429591,0.0,True,1e-06,1e-06
GraphSAGE,CFG04,FINAL_04,GraphSAGE__CFG04__FINAL_04,micro_aupr,0.7771470966553797,0.777147109998025,1.3342645321934299e-08,True,1e-06,1e-06
GraphSAGE,CFG04,FINAL_04,GraphSAGE__CFG04__FINAL_04,micro_auroc,0.9488219401049329,0.9488219416911206,1.586187625690627e-09,True,1e-06,1e-06
GraphSAGE,CFG04,FINAL_04,GraphSAGE__CFG04__FINAL_04,recall_at_10,0.2386253145135481,0.2386253145135481,0.0,True,1e-06,1e-06
GraphSAGE,CFG04,FINAL_04,GraphSAGE__CFG04__FINAL_04,recall_at_20,0.3453142029406176,0.3453142029406176,0.0,True,1e-06,1e-06
GraphSAGE,CFG04,FINAL_04,GraphSAGE__CFG04__FINAL_04,recall_at_50,0.4926345638981169,0.4926345638981169,0.0,True,1e-06,1e-06
GraphSAGE,CFG04,FINAL_04,GraphSAGE__CFG04__FINAL_04,ndcg_at_10,0.7964064195684571,0.7964064195684571,0.0,True,1e-06,1e-06
GraphSAGE,CFG04,FINAL_04,GraphSAGE__CFG04__FINAL_04,ndcg_at_20,0.7731827234489206,0.7731827234489206,0.0,True,1e-06,1e-06
GraphSAGE,CFG04,FINAL_04,GraphSAGE__CFG04__FINAL_04,ndcg_at_50,0.7833089356022869,0.7833089356022869,0.0,True,1e-06,1e-06
GraphSAGE,CFG04,FINAL_04,GraphSAGE__CFG04__FINAL_04,mrr_first_positive,0.932186854841439,0.932186854841439,0.0,True,1e-06,1e-06
GraphSAGE,CFG04,FINAL_05,GraphSAGE__CFG04__FINAL_05,macro_aupr,0.6756067921508765,0.6756067466449623,4.5505914147980775e-08,True,1e-06,1e-06
GraphSAGE,CFG04,FINAL_05,GraphSAGE__CFG04__FINAL_05,macro_auroc,0.9554826023693069,0.9554825799654972,2.240380969631417e-08,True,1e-06,1e-06
GraphSAGE,CFG04,FINAL_05,GraphSAGE__CFG04__FINAL_05,micro_aupr,0.7598797650335201,0.7598795916575987,1.7337592139732294e-07,True,1e-06,1e-06
GraphSAGE,CFG04,FINAL_05,GraphSAGE__CFG04__FINAL_05,micro_auroc,0.9457989761653672,0.9457989741826325,1.982734754157889e-09,True,1e-06,1e-06
GraphSAGE,CFG04,FINAL_05,GraphSAGE__CFG04__FINAL_05,recall_at_10,0.24397468984696943,0.24397468984696943,0.0,True,1e-06,1e-06
GraphSAGE,CFG04,FINAL_05,GraphSAGE__CFG04__FINAL_05,recall_at_20,0.35495502649502725,0.35495502649502725,0.0,True,1e-06,1e-06
GraphSAGE,CFG04,FINAL_05,GraphSAGE__CFG04__FINAL_05,recall_at_50,0.47994048551528323,0.47994048551528323,0.0,True,1e-06,1e-06
GraphSAGE,CFG04,FINAL_05,GraphSAGE__CFG04__FINAL_05,ndcg_at_10,0.7884843703148996,0.7884843703148996,0.0,True,1e-06,1e-06
GraphSAGE,CFG04,FINAL_05,GraphSAGE__CFG04__FINAL_05,ndcg_at_20,0.7698811670624436,0.7698811670624436,0.0,True,1e-06,1e-06
GraphSAGE,CFG04,FINAL_05,GraphSAGE__CFG04__FINAL_05,ndcg_at_50,0.7718401257977207,0.7718401257977207,0.0,True,1e-06,1e-06
GraphSAGE,CFG04,FINAL_05,GraphSAGE__CFG04__FINAL_05,mrr_first_positive,0.9000441144033526,0.9000441144033526,0.0,True,1e-06,1e-06
HeteroSAGE,CFG04,FINAL_01,HeteroSAGE__CFG04__FINAL_01,macro_aupr,0.6737340460987885,0.6737340460987885,0.0,True,1e-06,1e-06
HeteroSAGE,CFG04,FINAL_01,HeteroSAGE__CFG04__FINAL_01,macro_auroc,0.9548866019203175,0.9548866019203175,0.0,True,1e-06,1e-06
HeteroSAGE,CFG04,FINAL_01,HeteroSAGE__CFG04__FINAL_01,micro_aupr,0.7616173440463926,0.7616173614515297,1.7405137109349766e-08,True,1e-06,1e-06
HeteroSAGE,CFG04,FINAL_01,HeteroSAGE__CFG04__FINAL_01,micro_auroc,0.9453486483736637,0.9453486491667575,7.930938128453136e-10,True,1e-06,1e-06
HeteroSAGE,CFG04,FINAL_01,HeteroSAGE__CFG04__FINAL_01,recall_at_10,0.24301708434009153,0.24301708434009153,0.0,True,1e-06,1e-06
HeteroSAGE,CFG04,FINAL_01,HeteroSAGE__CFG04__FINAL_01,recall_at_20,0.3438676383609234,0.3438676383609234,0.0,True,1e-06,1e-06
HeteroSAGE,CFG04,FINAL_01,HeteroSAGE__CFG04__FINAL_01,recall_at_50,0.5004358629877415,0.5004358629877415,0.0,True,1e-06,1e-06
HeteroSAGE,CFG04,FINAL_01,HeteroSAGE__CFG04__FINAL_01,ndcg_at_10,0.7842841275386132,0.7842841275386132,0.0,True,1e-06,1e-06
HeteroSAGE,CFG04,FINAL_01,HeteroSAGE__CFG04__FINAL_01,ndcg_at_20,0.7602104276289398,0.7602104276289398,0.0,True,1e-06,1e-06
HeteroSAGE,CFG04,FINAL_01,HeteroSAGE__CFG04__FINAL_01,ndcg_at_50,0.7779945466580096,0.7779945466580096,0.0,True,1e-06,1e-06
HeteroSAGE,CFG04,FINAL_01,HeteroSAGE__CFG04__FINAL_01,mrr_first_positive,0.8771697070204533,0.8771697070204533,0.0,True,1e-06,1e-06
HeteroSAGE,CFG04,FINAL_02,HeteroSAGE__CFG04__FINAL_02,macro_aupr,0.6709951952068639,0.6709951952068639,0.0,True,1e-06,1e-06
HeteroSAGE,CFG04,FINAL_02,HeteroSAGE__CFG04__FINAL_02,macro_auroc,0.9552114061978048,0.9552114061978048,0.0,True,1e-06,1e-06
HeteroSAGE,CFG04,FINAL_02,HeteroSAGE__CFG04__FINAL_02,micro_aupr,0.7661873423091238,0.7661872591184044,8.319071942430867e-08,True,1e-06,1e-06
HeteroSAGE,CFG04,FINAL_02,HeteroSAGE__CFG04__FINAL_02,micro_auroc,0.9461519267081824,0.9461519255185418,1.1896406082456679e-09,True,1e-06,1e-06
HeteroSAGE,CFG04,FINAL_02,HeteroSAGE__CFG04__FINAL_02,recall_at_10,0.23980986756046316,0.23980986756046316,0.0,True,1e-06,1e-06
HeteroSAGE,CFG04,FINAL_02,HeteroSAGE__CFG04__FINAL_02,recall_at_20,0.3431706633157005,0.3431706633157005,0.0,True,1e-06,1e-06
HeteroSAGE,CFG04,FINAL_02,HeteroSAGE__CFG04__FINAL_02,recall_at_50,0.48689066138495357,0.48689066138495357,0.0,True,1e-06,1e-06
HeteroSAGE,CFG04,FINAL_02,HeteroSAGE__CFG04__FINAL_02,ndcg_at_10,0.7781517565891011,0.7781517565891011,0.0,True,1e-06,1e-06
HeteroSAGE,CFG04,FINAL_02,HeteroSAGE__CFG04__FINAL_02,ndcg_at_20,0.7572317780020777,0.7572317780020777,0.0,True,1e-06,1e-06
HeteroSAGE,CFG04,FINAL_02,HeteroSAGE__CFG04__FINAL_02,ndcg_at_50,0.7668689738693102,0.7668689738693102,0.0,True,1e-06,1e-06
HeteroSAGE,CFG04,FINAL_02,HeteroSAGE__CFG04__FINAL_02,mrr_first_positive,0.8834650278021656,0.8834650278021656,0.0,True,1e-06,1e-06
HeteroSAGE,CFG04,FINAL_03,HeteroSAGE__CFG04__FINAL_03,macro_aupr,0.695138225385029,0.695138225385029,0.0,True,1e-06,1e-06
HeteroSAGE,CFG04,FINAL_03,HeteroSAGE__CFG04__FINAL_03,macro_auroc,0.9554989415493637,0.9554989415493637,0.0,True,1e-06,1e-06
HeteroSAGE,CFG04,FINAL_03,HeteroSAGE__CFG04__FINAL_03,micro_aupr,0.7696096702909081,0.7696095014887885,1.6880211961556313e-07,True,1e-06,1e-06
HeteroSAGE,CFG04,FINAL_03,HeteroSAGE__CFG04__FINAL_03,micro_auroc,0.9498655548149046,0.9498655544183578,3.965467954003543e-10,True,1e-06,1e-06
HeteroSAGE,CFG04,FINAL_03,HeteroSAGE__CFG04__FINAL_03,recall_at_10,0.2564909000991959,0.2564909000991959,0.0,True,1e-06,1e-06
HeteroSAGE,CFG04,FINAL_03,HeteroSAGE__CFG04__FINAL_03,recall_at_20,0.3658764060017117,0.3658764060017117,0.0,True,1e-06,1e-06
HeteroSAGE,CFG04,FINAL_03,HeteroSAGE__CFG04__FINAL_03,recall_at_50,0.5028578551300107,0.5028578551300107,0.0,True,1e-06,1e-06
HeteroSAGE,CFG04,FINAL_03,HeteroSAGE__CFG04__FINAL_03,ndcg_at_10,0.8055204574213028,0.8055204574213028,0.0,True,1e-06,1e-06
HeteroSAGE,CFG04,FINAL_03,HeteroSAGE__CFG04__FINAL_03,ndcg_at_20,0.7821220026778071,0.7821220026778071,0.0,True,1e-06,1e-06
HeteroSAGE,CFG04,FINAL_03,HeteroSAGE__CFG04__FINAL_03,ndcg_at_50,0.788157591961855,0.788157591961855,0.0,True,1e-06,1e-06
HeteroSAGE,CFG04,FINAL_03,HeteroSAGE__CFG04__FINAL_03,mrr_first_positive,0.8882438457065321,0.8882438457065321,0.0,True,1e-06,1e-06
HeteroSAGE,CFG04,FINAL_04,HeteroSAGE__CFG04__FINAL_04,macro_aupr,0.6806448221466551,0.6806448221466551,0.0,True,1e-06,1e-06
HeteroSAGE,CFG04,FINAL_04,HeteroSAGE__CFG04__FINAL_04,macro_auroc,0.9525731898055839,0.9525731898055839,0.0,True,1e-06,1e-06
HeteroSAGE,CFG04,FINAL_04,HeteroSAGE__CFG04__FINAL_04,micro_aupr,0.7817950015027528,0.7817950423741152,4.0871362405603406e-08,True,1e-06,1e-06
HeteroSAGE,CFG04,FINAL_04,HeteroSAGE__CFG04__FINAL_04,micro_auroc,0.9548300762704369,0.9548300766669837,3.965467954003543e-10,True,1e-06,1e-06
HeteroSAGE,CFG04,FINAL_04,HeteroSAGE__CFG04__FINAL_04,recall_at_10,0.24183354054950446,0.24183354054950446,0.0,True,1e-06,1e-06
HeteroSAGE,CFG04,FINAL_04,HeteroSAGE__CFG04__FINAL_04,recall_at_20,0.3536217210804558,0.3536217210804558,0.0,True,1e-06,1e-06
HeteroSAGE,CFG04,FINAL_04,HeteroSAGE__CFG04__FINAL_04,recall_at_50,0.4872764299827383,0.4872764299827383,0.0,True,1e-06,1e-06
HeteroSAGE,CFG04,FINAL_04,HeteroSAGE__CFG04__FINAL_04,ndcg_at_10,0.787560102613023,0.787560102613023,0.0,True,1e-06,1e-06
HeteroSAGE,CFG04,FINAL_04,HeteroSAGE__CFG04__FINAL_04,ndcg_at_20,0.7730162910697872,0.7730162910697872,0.0,True,1e-06,1e-06
HeteroSAGE,CFG04,FINAL_04,HeteroSAGE__CFG04__FINAL_04,ndcg_at_50,0.7766395538759681,0.7766395538759681,0.0,True,1e-06,1e-06
HeteroSAGE,CFG04,FINAL_04,HeteroSAGE__CFG04__FINAL_04,mrr_first_positive,0.8801503844414292,0.8801503844414292,0.0,True,1e-06,1e-06
HeteroSAGE,CFG04,FINAL_05,HeteroSAGE__CFG04__FINAL_05,macro_aupr,0.6928050019396421,0.6928050019396421,0.0,True,1e-06,1e-06
HeteroSAGE,CFG04,FINAL_05,HeteroSAGE__CFG04__FINAL_05,macro_auroc,0.9535257663747986,0.9535257663747986,0.0,True,1e-06,1e-06
HeteroSAGE,CFG04,FINAL_05,HeteroSAGE__CFG04__FINAL_05,micro_aupr,0.7446680685550079,0.7446680383638019,3.0191205979690494e-08,True,1e-06,1e-06
HeteroSAGE,CFG04,FINAL_05,HeteroSAGE__CFG04__FINAL_05,micro_auroc,0.9448996926342694,0.9448996934273631,7.930937018230111e-10,True,1e-06,1e-06
HeteroSAGE,CFG04,FINAL_05,HeteroSAGE__CFG04__FINAL_05,recall_at_10,0.2533017840347671,0.2533017840347671,0.0,True,1e-06,1e-06
HeteroSAGE,CFG04,FINAL_05,HeteroSAGE__CFG04__FINAL_05,recall_at_20,0.35024471173580174,0.35024471173580174,0.0,True,1e-06,1e-06
HeteroSAGE,CFG04,FINAL_05,HeteroSAGE__CFG04__FINAL_05,recall_at_50,0.49846384849692316,0.49846384849692316,0.0,True,1e-06,1e-06
HeteroSAGE,CFG04,FINAL_05,HeteroSAGE__CFG04__FINAL_05,ndcg_at_10,0.8188009480791643,0.8188009480791643,0.0,True,1e-06,1e-06
HeteroSAGE,CFG04,FINAL_05,HeteroSAGE__CFG04__FINAL_05,ndcg_at_20,0.7834575615620358,0.7834575615620358,0.0,True,1e-06,1e-06
HeteroSAGE,CFG04,FINAL_05,HeteroSAGE__CFG04__FINAL_05,ndcg_at_50,0.7913844600432853,0.7913844600432853,0.0,True,1e-06,1e-06
HeteroSAGE,CFG04,FINAL_05,HeteroSAGE__CFG04__FINAL_05,mrr_first_positive,0.9154700634757248,0.9154700634757248,0.0,True,1e-06,1e-06
RGCN,CFG04,FINAL_01,RGCN__CFG04__FINAL_01,macro_aupr,0.6531707807310732,0.6531707807310732,0.0,True,1e-06,1e-06
RGCN,CFG04,FINAL_01,RGCN__CFG04__FINAL_01,macro_auroc,0.9523092898418258,0.9523092898418258,0.0,True,1e-06,1e-06
RGCN,CFG04,FINAL_01,RGCN__CFG04__FINAL_01,micro_aupr,0.7559109857959296,0.755910982190347,3.6055826102554533e-09,True,1e-06,1e-06
RGCN,CFG04,FINAL_01,RGCN__CFG04__FINAL_01,micro_auroc,0.9442221046014739,0.9442221061876617,1.5861877367129296e-09,True,1e-06,1e-06
RGCN,CFG04,FINAL_01,RGCN__CFG04__FINAL_01,recall_at_10,0.22978343502273432,0.22978343502273432,0.0,True,1e-06,1e-06
RGCN,CFG04,FINAL_01,RGCN__CFG04__FINAL_01,recall_at_20,0.3283481388793494,0.3283481388793494,0.0,True,1e-06,1e-06
RGCN,CFG04,FINAL_01,RGCN__CFG04__FINAL_01,recall_at_50,0.46546889987089174,0.46546889987089174,0.0,True,1e-06,1e-06
RGCN,CFG04,FINAL_01,RGCN__CFG04__FINAL_01,ndcg_at_10,0.7666460586517849,0.7666460586517849,0.0,True,1e-06,1e-06
RGCN,CFG04,FINAL_01,RGCN__CFG04__FINAL_01,ndcg_at_20,0.7422165854893824,0.7422165854893824,0.0,True,1e-06,1e-06
RGCN,CFG04,FINAL_01,RGCN__CFG04__FINAL_01,ndcg_at_50,0.7535647970392932,0.7535647970392932,0.0,True,1e-06,1e-06
RGCN,CFG04,FINAL_01,RGCN__CFG04__FINAL_01,mrr_first_positive,0.8637891370216586,0.8637891370216586,0.0,True,1e-06,1e-06
RGCN,CFG04,FINAL_02,RGCN__CFG04__FINAL_02,macro_aupr,0.6647208523453162,0.6647208368185966,1.5526719576719472e-08,True,1e-06,1e-06
RGCN,CFG04,FINAL_02,RGCN__CFG04__FINAL_02,macro_auroc,0.953980028506595,0.9539800175190971,1.098749791150766e-08,True,1e-06,1e-06
RGCN,CFG04,FINAL_02,RGCN__CFG04__FINAL_02,micro_aupr,0.7689863211689106,0.7689862527026292,6.84662814220971e-08,True,1e-06,1e-06
RGCN,CFG04,FINAL_02,RGCN__CFG04__FINAL_02,micro_auroc,0.9467145292230932,0.9467145292230931,1.1102230246251565e-16,True,1e-06,1e-06
RGCN,CFG04,FINAL_02,RGCN__CFG04__FINAL_02,recall_at_10,0.23333889931351645,0.23333889931351645,0.0,True,1e-06,1e-06
RGCN,CFG04,FINAL_02,RGCN__CFG04__FINAL_02,recall_at_20,0.34041817834294835,0.34041817834294835,0.0,True,1e-06,1e-06
RGCN,CFG04,FINAL_02,RGCN__CFG04__FINAL_02,recall_at_50,0.4739868652291504,0.4739868652291504,0.0,True,1e-06,1e-06
RGCN,CFG04,FINAL_02,RGCN__CFG04__FINAL_02,ndcg_at_10,0.7707644338089151,0.7707644338089151,0.0,True,1e-06,1e-06
RGCN,CFG04,FINAL_02,RGCN__CFG04__FINAL_02,ndcg_at_20,0.7540524204143518,0.7540524204143518,0.0,True,1e-06,1e-06
RGCN,CFG04,FINAL_02,RGCN__CFG04__FINAL_02,ndcg_at_50,0.7613901664783107,0.7613901664783107,0.0,True,1e-06,1e-06
RGCN,CFG04,FINAL_02,RGCN__CFG04__FINAL_02,mrr_first_positive,0.9010969313098374,0.9010969313098374,0.0,True,1e-06,1e-06
RGCN,CFG04,FINAL_03,RGCN__CFG04__FINAL_03,macro_aupr,0.6662163832027274,0.6662163832027274,0.0,True,1e-06,1e-06
RGCN,CFG04,FINAL_03,RGCN__CFG04__FINAL_03,macro_auroc,0.9492172645822066,0.9492172645822066,0.0,True,1e-06,1e-06
RGCN,CFG04,FINAL_03,RGCN__CFG04__FINAL_03,micro_aupr,0.7569889648166582,0.7569890153300096,5.051335139061308e-08,True,1e-06,1e-06
RGCN,CFG04,FINAL_03,RGCN__CFG04__FINAL_03,micro_auroc,0.9416080427840996,0.9416080415944589,1.1896407192679703e-09,True,1e-06,1e-06
RGCN,CFG04,FINAL_03,RGCN__CFG04__FINAL_03,recall_at_10,0.24336055650746571,0.24336055650746571,0.0,True,1e-06,1e-06
RGCN,CFG04,FINAL_03,RGCN__CFG04__FINAL_03,recall_at_20,0.35044005583976945,0.35044005583976945,0.0,True,1e-06,1e-06
RGCN,CFG04,FINAL_03,RGCN__CFG04__FINAL_03,recall_at_50,0.4792647631820976,0.4792647631820976,0.0,True,1e-06,1e-06
RGCN,CFG04,FINAL_03,RGCN__CFG04__FINAL_03,ndcg_at_10,0.7868458011449321,0.7868458011449321,0.0,True,1e-06,1e-06
RGCN,CFG04,FINAL_03,RGCN__CFG04__FINAL_03,ndcg_at_20,0.7614976493042688,0.7614976493042688,0.0,True,1e-06,1e-06
RGCN,CFG04,FINAL_03,RGCN__CFG04__FINAL_03,ndcg_at_50,0.7662034514856295,0.7662034514856295,0.0,True,1e-06,1e-06
RGCN,CFG04,FINAL_03,RGCN__CFG04__FINAL_03,mrr_first_positive,0.8859571191660744,0.8859571191660744,0.0,True,1e-06,1e-06
RGCN,CFG04,FINAL_04,RGCN__CFG04__FINAL_04,macro_aupr,0.6738669271550224,0.6738669271550224,0.0,True,1e-06,1e-06
RGCN,CFG04,FINAL_04,RGCN__CFG04__FINAL_04,macro_auroc,0.9532491690217192,0.9532491690217192,0.0,True,1e-06,1e-06
RGCN,CFG04,FINAL_04,RGCN__CFG04__FINAL_04,micro_aupr,0.7830654375941837,0.7830654253577908,1.2236392898934412e-08,True,1e-06,1e-06
RGCN,CFG04,FINAL_04,RGCN__CFG04__FINAL_04,micro_auroc,0.9487650911398992,0.9487650935191806,2.3792814385359407e-09,True,1e-06,1e-06
RGCN,CFG04,FINAL_04,RGCN__CFG04__FINAL_04,recall_at_10,0.24357305768915608,0.24357305768915608,0.0,True,1e-06,1e-06
RGCN,CFG04,FINAL_04,RGCN__CFG04__FINAL_04,recall_at_20,0.35082192980522103,0.35082192980522103,0.0,True,1e-06,1e-06
RGCN,CFG04,FINAL_04,RGCN__CFG04__FINAL_04,recall_at_50,0.4961503327301228,0.4961503327301228,0.0,True,1e-06,1e-06
RGCN,CFG04,FINAL_04,RGCN__CFG04__FINAL_04,ndcg_at_10,0.7821905585791267,0.7821905585791267,0.0,True,1e-06,1e-06
RGCN,CFG04,FINAL_04,RGCN__CFG04__FINAL_04,ndcg_at_20,0.7631294145533877,0.7631294145533877,0.0,True,1e-06,1e-06
RGCN,CFG04,FINAL_04,RGCN__CFG04__FINAL_04,ndcg_at_50,0.7767051960838051,0.7767051960838051,0.0,True,1e-06,1e-06
RGCN,CFG04,FINAL_04,RGCN__CFG04__FINAL_04,mrr_first_positive,0.8704516385682921,0.8704516385682921,0.0,True,1e-06,1e-06
RGCN,CFG04,FINAL_05,RGCN__CFG04__FINAL_05,macro_aupr,0.6721516807967376,0.6721516807967376,0.0,True,1e-06,1e-06
RGCN,CFG04,FINAL_05,RGCN__CFG04__FINAL_05,macro_auroc,0.9511650684657351,0.9511650684657351,0.0,True,1e-06,1e-06
RGCN,CFG04,FINAL_05,RGCN__CFG04__FINAL_05,micro_aupr,0.7561123344954961,0.7561125956082788,2.611127827290005e-07,True,1e-06,1e-06
RGCN,CFG04,FINAL_05,RGCN__CFG04__FINAL_05,micro_auroc,0.9451636802570823,0.9451636774812538,2.7758284559809e-09,True,1e-06,1e-06
RGCN,CFG04,FINAL_05,RGCN__CFG04__FINAL_05,recall_at_10,0.24793904097347874,0.24793904097347874,0.0,True,1e-06,1e-06
RGCN,CFG04,FINAL_05,RGCN__CFG04__FINAL_05,recall_at_20,0.3464874274032529,0.3464874274032529,0.0,True,1e-06,1e-06
RGCN,CFG04,FINAL_05,RGCN__CFG04__FINAL_05,recall_at_50,0.48381320486272994,0.48381320486272994,0.0,True,1e-06,1e-06
RGCN,CFG04,FINAL_05,RGCN__CFG04__FINAL_05,ndcg_at_10,0.8126286687186858,0.8126286687186858,0.0,True,1e-06,1e-06
RGCN,CFG04,FINAL_05,RGCN__CFG04__FINAL_05,ndcg_at_20,0.7718749128315061,0.7718749128315061,0.0,True,1e-06,1e-06
RGCN,CFG04,FINAL_05,RGCN__CFG04__FINAL_05,ndcg_at_50,0.7763254683398013,0.7763254683398013,0.0,True,1e-06,1e-06
RGCN,CFG04,FINAL_05,RGCN__CFG04__FINAL_05,mrr_first_positive,0.9160334690185437,0.9160334690185437,0.0,True,1e-06,1e-06
TCMRGAT,CFG04,FINAL_01,TCMRGAT__CFG04__FINAL_01,macro_aupr,0.6764919619952829,0.6764919619952829,0.0,True,1e-06,1e-06
TCMRGAT,CFG04,FINAL_01,TCMRGAT__CFG04__FINAL_01,macro_auroc,0.9520076610922554,0.9520076610922554,0.0,True,1e-06,1e-06
TCMRGAT,CFG04,FINAL_01,TCMRGAT__CFG04__FINAL_01,micro_aupr,0.7538406865337454,0.7538407091153487,2.25816033649906e-08,True,1e-06,1e-06
TCMRGAT,CFG04,FINAL_01,TCMRGAT__CFG04__FINAL_01,micro_auroc,0.9408500572445602,0.9408500568480134,3.965467954003543e-10,True,1e-06,1e-06
TCMRGAT,CFG04,FINAL_01,TCMRGAT__CFG04__FINAL_01,recall_at_10,0.24003152829722954,0.24003152829722954,0.0,True,1e-06,1e-06
TCMRGAT,CFG04,FINAL_01,TCMRGAT__CFG04__FINAL_01,recall_at_20,0.3548827398434497,0.3548827398434497,0.0,True,1e-06,1e-06
TCMRGAT,CFG04,FINAL_01,TCMRGAT__CFG04__FINAL_01,recall_at_50,0.4884514344496368,0.4884514344496368,0.0,True,1e-06,1e-06
TCMRGAT,CFG04,FINAL_01,TCMRGAT__CFG04__FINAL_01,ndcg_at_10,0.7940094791369561,0.7940094791369561,0.0,True,1e-06,1e-06
TCMRGAT,CFG04,FINAL_01,TCMRGAT__CFG04__FINAL_01,ndcg_at_20,0.7749934352994889,0.7749934352994889,0.0,True,1e-06,1e-06
TCMRGAT,CFG04,FINAL_01,TCMRGAT__CFG04__FINAL_01,ndcg_at_50,0.7800902326323135,0.7800902326323135,0.0,True,1e-06,1e-06
TCMRGAT,CFG04,FINAL_01,TCMRGAT__CFG04__FINAL_01,mrr_first_positive,0.9130596401520263,0.9130596401520263,0.0,True,1e-06,1e-06
TCMRGAT,CFG04,FINAL_02,TCMRGAT__CFG04__FINAL_02,macro_aupr,0.6750412571957854,0.6750412571957854,0.0,True,1e-06,1e-06
TCMRGAT,CFG04,FINAL_02,TCMRGAT__CFG04__FINAL_02,macro_auroc,0.9501128266633171,0.9501128266633171,0.0,True,1e-06,1e-06
TCMRGAT,CFG04,FINAL_02,TCMRGAT__CFG04__FINAL_02,micro_aupr,0.7722069169000746,0.7722068975072821,1.9392792482975096e-08,True,1e-06,1e-06
TCMRGAT,CFG04,FINAL_02,TCMRGAT__CFG04__FINAL_02,micro_auroc,0.942489880630434,0.9424898810269808,3.965467954003543e-10,True,1e-06,1e-06
TCMRGAT,CFG04,FINAL_02,TCMRGAT__CFG04__FINAL_02,recall_at_10,0.24189857772917506,0.24189857772917506,0.0,True,1e-06,1e-06
TCMRGAT,CFG04,FINAL_02,TCMRGAT__CFG04__FINAL_02,recall_at_20,0.3470760835828384,0.3470760835828384,0.0,True,1e-06,1e-06
TCMRGAT,CFG04,FINAL_02,TCMRGAT__CFG04__FINAL_02,recall_at_50,0.47854530905182363,0.47854530905182363,0.0,True,1e-06,1e-06
TCMRGAT,CFG04,FINAL_02,TCMRGAT__CFG04__FINAL_02,ndcg_at_10,0.7927041764490346,0.7927041764490346,0.0,True,1e-06,1e-06
TCMRGAT,CFG04,FINAL_02,TCMRGAT__CFG04__FINAL_02,ndcg_at_20,0.7697816946466899,0.7697816946466899,0.0,True,1e-06,1e-06
TCMRGAT,CFG04,FINAL_02,TCMRGAT__CFG04__FINAL_02,ndcg_at_50,0.771234414508142,0.771234414508142,0.0,True,1e-06,1e-06
TCMRGAT,CFG04,FINAL_02,TCMRGAT__CFG04__FINAL_02,mrr_first_positive,0.8995946701170581,0.8995946701170581,0.0,True,1e-06,1e-06
TCMRGAT,CFG04,FINAL_03,TCMRGAT__CFG04__FINAL_03,macro_aupr,0.6767792107185794,0.6767792107185794,0.0,True,1e-06,1e-06
TCMRGAT,CFG04,FINAL_03,TCMRGAT__CFG04__FINAL_03,macro_auroc,0.9507359649471071,0.9507359649471071,0.0,True,1e-06,1e-06
TCMRGAT,CFG04,FINAL_03,TCMRGAT__CFG04__FINAL_03,micro_aupr,0.7692570050742338,0.7692569929925158,1.2081717959411264e-08,True,1e-06,1e-06
TCMRGAT,CFG04,FINAL_03,TCMRGAT__CFG04__FINAL_03,micro_auroc,0.948106410463778,0.9481064104637777,2.220446049250313e-16,True,1e-06,1e-06
TCMRGAT,CFG04,FINAL_03,TCMRGAT__CFG04__FINAL_03,recall_at_10,0.2516097298347562,0.2516097298347562,0.0,True,1e-06,1e-06
TCMRGAT,CFG04,FINAL_03,TCMRGAT__CFG04__FINAL_03,recall_at_20,0.3641827694114642,0.3641827694114642,0.0,True,1e-06,1e-06
TCMRGAT,CFG04,FINAL_03,TCMRGAT__CFG04__FINAL_03,recall_at_50,0.5098334128679317,0.5098334128679317,0.0,True,1e-06,1e-06
TCMRGAT,CFG04,FINAL_03,TCMRGAT__CFG04__FINAL_03,ndcg_at_10,0.7958343427235514,0.7958343427235514,0.0,True,1e-06,1e-06
TCMRGAT,CFG04,FINAL_03,TCMRGAT__CFG04__FINAL_03,ndcg_at_20,0.7726635619753301,0.7726635619753301,0.0,True,1e-06,1e-06
TCMRGAT,CFG04,FINAL_03,TCMRGAT__CFG04__FINAL_03,ndcg_at_50,0.7822494012381742,0.7822494012381742,0.0,True,1e-06,1e-06
TCMRGAT,CFG04,FINAL_03,TCMRGAT__CFG04__FINAL_03,mrr_first_positive,0.8704572376214167,0.8704572376214167,0.0,True,1e-06,1e-06
TCMRGAT,CFG04,FINAL_04,TCMRGAT__CFG04__FINAL_04,macro_aupr,0.6827995289724861,0.6827995289724861,0.0,True,1e-06,1e-06
TCMRGAT,CFG04,FINAL_04,TCMRGAT__CFG04__FINAL_04,macro_auroc,0.9516327055890592,0.9516327055890592,0.0,True,1e-06,1e-06
TCMRGAT,CFG04,FINAL_04,TCMRGAT__CFG04__FINAL_04,micro_aupr,0.7651816660882386,0.765181677129296,1.1041057401683929e-08,True,1e-06,1e-06
TCMRGAT,CFG04,FINAL_04,TCMRGAT__CFG04__FINAL_04,micro_auroc,0.9459769305567495,0.9459769309532965,3.9654701744495924e-10,True,1e-06,1e-06
TCMRGAT,CFG04,FINAL_04,TCMRGAT__CFG04__FINAL_04,recall_at_10,0.2386510557473922,0.2386510557473922,0.0,True,1e-06,1e-06
TCMRGAT,CFG04,FINAL_04,TCMRGAT__CFG04__FINAL_04,recall_at_20,0.34747354665180635,0.34747354665180635,0.0,True,1e-06,1e-06
TCMRGAT,CFG04,FINAL_04,TCMRGAT__CFG04__FINAL_04,recall_at_50,0.49802616170571634,0.49802616170571634,0.0,True,1e-06,1e-06
TCMRGAT,CFG04,FINAL_04,TCMRGAT__CFG04__FINAL_04,ndcg_at_10,0.7966039722419735,0.7966039722419735,0.0,True,1e-06,1e-06
TCMRGAT,CFG04,FINAL_04,TCMRGAT__CFG04__FINAL_04,ndcg_at_20,0.7767090331553901,0.7767090331553901,0.0,True,1e-06,1e-06
TCMRGAT,CFG04,FINAL_04,TCMRGAT__CFG04__FINAL_04,ndcg_at_50,0.7847024494798137,0.7847024494798137,0.0,True,1e-06,1e-06
TCMRGAT,CFG04,FINAL_04,TCMRGAT__CFG04__FINAL_04,mrr_first_positive,0.9046185737976783,0.9046185737976783,0.0,True,1e-06,1e-06
TCMRGAT,CFG04,FINAL_05,TCMRGAT__CFG04__FINAL_05,macro_aupr,0.68848312049176,0.68848312049176,0.0,True,1e-06,1e-06
TCMRGAT,CFG04,FINAL_05,TCMRGAT__CFG04__FINAL_05,macro_auroc,0.9496024126323738,0.9496024126323738,0.0,True,1e-06,1e-06
TCMRGAT,CFG04,FINAL_05,TCMRGAT__CFG04__FINAL_05,micro_aupr,0.7684967528203357,0.7684966855374062,6.728292945012981e-08,True,1e-06,1e-06
TCMRGAT,CFG04,FINAL_05,TCMRGAT__CFG04__FINAL_05,micro_auroc,0.9432530434864319,0.9432530430898849,3.9654701744495924e-10,True,1e-06,1e-06
TCMRGAT,CFG04,FINAL_05,TCMRGAT__CFG04__FINAL_05,recall_at_10,0.2516811631093426,0.2516811631093426,0.0,True,1e-06,1e-06
TCMRGAT,CFG04,FINAL_05,TCMRGAT__CFG04__FINAL_05,recall_at_20,0.35928977241862003,0.35928977241862003,0.0,True,1e-06,1e-06
TCMRGAT,CFG04,FINAL_05,TCMRGAT__CFG04__FINAL_05,recall_at_50,0.4905892770334387,0.4905892770334387,0.0,True,1e-06,1e-06
TCMRGAT,CFG04,FINAL_05,TCMRGAT__CFG04__FINAL_05,ndcg_at_10,0.8081850856358926,0.8081850856358926,0.0,True,1e-06,1e-06
TCMRGAT,CFG04,FINAL_05,TCMRGAT__CFG04__FINAL_05,ndcg_at_20,0.7833498057111886,0.7833498057111886,0.0,True,1e-06,1e-06
TCMRGAT,CFG04,FINAL_05,TCMRGAT__CFG04__FINAL_05,ndcg_at_50,0.7837500191466511,0.7837500191466511,0.0,True,1e-06,1e-06
TCMRGAT,CFG04,FINAL_05,TCMRGAT__CFG04__FINAL_05,mrr_first_positive,0.8904661050095435,0.8904661050095435,0.0,True,1e-06,1e-06
