herb_id,split_blocking_group_id,positive_degree,positive_degree_bin,compound_context_count,compound_context_present,group_member_count,benchmark_eligible,quarantine_status,protocol_inclusion_status,exclusion_reason
H0002,HBG_c7cf09940944,145,D06_100_199,37,True,1,True,NONE,INCLUDED_AS_BENCHMARK_POSITIVE_HERB,
H0580,HBG_fbcf4eab591b,78,D05_50_99,13,True,3,True,NONE,INCLUDED_AS_BENCHMARK_POSITIVE_HERB,
H0581,HBG_fbcf4eab591b,345,D07_200_399,13,True,3,True,NONE,INCLUDED_AS_BENCHMARK_POSITIVE_HERB,
H0582,HBG_da6b646a90bc,189,D06_100_199,18,True,1,True,NONE,INCLUDED_AS_BENCHMARK_POSITIVE_HERB,
H0583,HBG_fbcf4eab591b,345,D07_200_399,13,True,3,True,NONE,INCLUDED_AS_BENCHMARK_POSITIVE_HERB,
H0584,HBG_9fde26f6e7c1,23,D04_20_49,3,True,2,True,NONE,INCLUDED_AS_BENCHMARK_POSITIVE_HERB,
H0585,HBG_9a29e1334a62,316,D07_200_399,45,True,3,True,NONE,INCLUDED_AS_BENCHMARK_POSITIVE_HERB,
H0586,HBG_c93376fdd4f4,1,D01_1_4,1,True,2,True,NONE,INCLUDED_AS_BENCHMARK_POSITIVE_HERB,
H0587,HBG_c93376fdd4f4,1,D01_1_4,1,True,2,True,NONE,INCLUDED_AS_BENCHMARK_POSITIVE_HERB,
H0588,HBG_eb45a6a5bba1,9,D02_5_9,1,True,1,True,NONE,INCLUDED_AS_BENCHMARK_POSITIVE_HERB,
H0589,HBG_8018479382da,7,D02_5_9,1,True,1,True,NONE,INCLUDED_AS_BENCHMARK_POSITIVE_HERB,
H0590,HBG_8f7b1fcc65a2,65,D05_50_99,11,True,2,True,NONE,INCLUDED_AS_BENCHMARK_POSITIVE_HERB,
H0591,HBG_747ee4596665,260,D07_200_399,6,True,1,True,NONE,INCLUDED_AS_BENCHMARK_POSITIVE_HERB,
H0592,HBG_8f7b1fcc65a2,65,D05_50_99,11,True,2,True,NONE,INCLUDED_AS_BENCHMARK_POSITIVE_HERB,
H0593,HBG_08254f17ca2d,2,D01_1_4,2,True,1,True,NONE,INCLUDED_AS_BENCHMARK_POSITIVE_HERB,
H0594,HBG_51a5cb53dae6,26,D04_20_49,1,True,1,True,NONE,INCLUDED_AS_BENCHMARK_POSITIVE_HERB,
H0595,HBG_6d6823fd90b5,46,D04_20_49,7,True,1,True,NONE,INCLUDED_AS_BENCHMARK_POSITIVE_HERB,
H0596,HBG_9d1e0e7e59c2,13,D03_10_19,1,True,1,True,NONE,INCLUDED_AS_BENCHMARK_POSITIVE_HERB,
H0597,HBG_9fde26f6e7c1,23,D04_20_49,3,True,2,True,NONE,INCLUDED_AS_BENCHMARK_POSITIVE_HERB,
H0598,HBG_32aaba810db6,2,D01_1_4,1,True,3,True,NONE,INCLUDED_AS_BENCHMARK_POSITIVE_HERB,
H0599,HBG_32aaba810db6,2,D01_1_4,1,True,3,True,NONE,INCLUDED_AS_BENCHMARK_POSITIVE_HERB,
H0600,HBG_32aaba810db6,2,D01_1_4,1,True,3,True,NONE,INCLUDED_AS_BENCHMARK_POSITIVE_HERB,
H0601,HBG_6bf526c7746c,299,D07_200_399,22,True,3,True,NONE,INCLUDED_AS_BENCHMARK_POSITIVE_HERB,
H0602,HBG_6bf526c7746c,299,D07_200_399,22,True,3,True,NONE,INCLUDED_AS_BENCHMARK_POSITIVE_HERB,
H0603,HBG_01280f0541a1,92,D05_50_99,5,True,1,True,NONE,INCLUDED_AS_BENCHMARK_POSITIVE_HERB,
H0604,HBG_f1a3ccbac25c,170,D06_100_199,22,True,1,True,NONE,INCLUDED_AS_BENCHMARK_POSITIVE_HERB,
H0605,HBG_17e0687d24b6,331,D07_200_399,38,True,5,True,NONE,INCLUDED_AS_BENCHMARK_POSITIVE_HERB,
H0606,HBG_17e0687d24b6,160,D06_100_199,31,True,5,True,NONE,INCLUDED_AS_BENCHMARK_POSITIVE_HERB,
H0607,HBG_17e0687d24b6,326,D07_200_399,31,True,5,True,NONE,INCLUDED_AS_BENCHMARK_POSITIVE_HERB,
H0608,HBG_17e0687d24b6,326,D07_200_399,31,True,5,True,NONE,INCLUDED_AS_BENCHMARK_POSITIVE_HERB,
H0609,HBG_17e0687d24b6,326,D07_200_399,31,True,5,True,NONE,INCLUDED_AS_BENCHMARK_POSITIVE_HERB,
H0610,HBG_d08a8346fd87,26,D04_20_49,5,True,1,True,NONE,INCLUDED_AS_BENCHMARK_POSITIVE_HERB,
H0611,HBG_bc5cd7b0cd65,1,D01_1_4,1,True,1,True,NONE,INCLUDED_AS_BENCHMARK_POSITIVE_HERB,
H0612,HBG_4aa7f6bd737f,269,D07_200_399,14,True,1,True,NONE,INCLUDED_AS_BENCHMARK_POSITIVE_HERB,
H0613,HBG_98a6f5465bda,335,D07_200_399,38,True,1,True,NONE,INCLUDED_AS_BENCHMARK_POSITIVE_HERB,
H0614,HBG_00cf0ff0d299,268,D07_200_399,21,True,1,True,NONE,INCLUDED_AS_BENCHMARK_POSITIVE_HERB,
H0615,HBG_f87bca8aa9da,108,D06_100_199,10,True,1,True,NONE,INCLUDED_AS_BENCHMARK_POSITIVE_HERB,
H0616,HBG_db1d114655ba,28,D04_20_49,4,True,1,True,NONE,INCLUDED_AS_BENCHMARK_POSITIVE_HERB,
H0617,HBG_f6209911ce1f,257,D07_200_399,14,True,1,True,NONE,INCLUDED_AS_BENCHMARK_POSITIVE_HERB,
H0618,HBG_0be7d9e6c975,13,D03_10_19,2,True,1,True,NONE,INCLUDED_AS_BENCHMARK_POSITIVE_HERB,
H0619,HBG_67a4ca9c3dec,2,D01_1_4,2,True,1,True,NONE,INCLUDED_AS_BENCHMARK_POSITIVE_HERB,
H0620,HBG_b65a8b6c40d9,16,D03_10_19,2,True,1,True,NONE,INCLUDED_AS_BENCHMARK_POSITIVE_HERB,
H0621,HBG_b017c2b62f4b,27,D04_20_49,2,True,1,True,NONE,INCLUDED_AS_BENCHMARK_POSITIVE_HERB,
H0622,HBG_e9f08ce953e9,78,D05_50_99,1,True,1,True,NONE,INCLUDED_AS_BENCHMARK_POSITIVE_HERB,
H0623,HBG_d7033349bbe5,43,D04_20_49,4,True,1,True,NONE,INCLUDED_AS_BENCHMARK_POSITIVE_HERB,
H0624,HBG_1b8c1875da4c,9,D02_5_9,2,True,2,True,NONE,INCLUDED_AS_BENCHMARK_POSITIVE_HERB,
H0625,HBG_b333db010a78,248,D07_200_399,17,True,1,True,NONE,INCLUDED_AS_BENCHMARK_POSITIVE_HERB,
H0626,HBG_79a71bcd645c,390,D07_200_399,29,True,1,True,NONE,INCLUDED_AS_BENCHMARK_POSITIVE_HERB,
H0627,HBG_0c3767419c38,7,D02_5_9,1,True,1,True,NONE,INCLUDED_AS_BENCHMARK_POSITIVE_HERB,
H0628,HBG_c57f4279183d,28,D04_20_49,5,True,1,True,NONE,INCLUDED_AS_BENCHMARK_POSITIVE_HERB,
H0629,HBG_507e5adc452e,126,D06_100_199,23,True,1,True,NONE,INCLUDED_AS_BENCHMARK_POSITIVE_HERB,
H0630,HBG_f4d8dce6e702,11,D03_10_19,4,True,1,True,NONE,INCLUDED_AS_BENCHMARK_POSITIVE_HERB,
H0631,HBG_84dff7648550,91,D05_50_99,16,True,1,True,NONE,INCLUDED_AS_BENCHMARK_POSITIVE_HERB,
H0632,HBG_e84e64aee72a,316,D07_200_399,21,True,1,True,NONE,INCLUDED_AS_BENCHMARK_POSITIVE_HERB,
H0633,HBG_30ea05e068aa,99,D05_50_99,8,True,1,True,NONE,INCLUDED_AS_BENCHMARK_POSITIVE_HERB,
H0634,HBG_7193e93a12cb,64,D05_50_99,3,True,2,True,NONE,INCLUDED_AS_BENCHMARK_POSITIVE_HERB,
H0635,HBG_7193e93a12cb,64,D05_50_99,3,True,2,True,NONE,INCLUDED_AS_BENCHMARK_POSITIVE_HERB,
H0636,HBG_a401f7ece236,21,D04_20_49,5,True,1,True,NONE,INCLUDED_AS_BENCHMARK_POSITIVE_HERB,
H0637,HBG_fffa0acae2cb,255,D07_200_399,21,True,2,True,NONE,INCLUDED_AS_BENCHMARK_POSITIVE_HERB,
H0638,HBG_a30fde5af80d,169,D06_100_199,11,True,1,True,NONE,INCLUDED_AS_BENCHMARK_POSITIVE_HERB,
H0639,HBG_a156021a5b2c,33,D04_20_49,5,True,1,True,NONE,INCLUDED_AS_BENCHMARK_POSITIVE_HERB,
H0640,HBG_3baa0b8af928,57,D05_50_99,13,True,1,True,NONE,INCLUDED_AS_BENCHMARK_POSITIVE_HERB,
H0641,HBG_1f421def47a3,2,D01_1_4,1,True,1,True,NONE,INCLUDED_AS_BENCHMARK_POSITIVE_HERB,
H0642,HBG_fd4c175e97d0,302,D07_200_399,19,True,1,True,NONE,INCLUDED_AS_BENCHMARK_POSITIVE_HERB,
H0643,HBG_f3f13e6e1be1,32,D04_20_49,1,True,1,True,NONE,INCLUDED_AS_BENCHMARK_POSITIVE_HERB,
H0644,HBG_c1bfd2fd9872,37,D04_20_49,2,True,1,True,NONE,INCLUDED_AS_BENCHMARK_POSITIVE_HERB,
H0645,HBG_bf0d6a06d1f8,2,D01_1_4,1,True,1,True,NONE,INCLUDED_AS_BENCHMARK_POSITIVE_HERB,
H0646,HBG_3f503109dfd4,83,D05_50_99,3,True,1,True,NONE,INCLUDED_AS_BENCHMARK_POSITIVE_HERB,
H0647,HBG_28b26b19c3e6,35,D04_20_49,10,True,2,True,NONE,INCLUDED_AS_BENCHMARK_POSITIVE_HERB,
H0648,HBG_5bc9543182ec,169,D06_100_199,10,True,2,True,NONE,INCLUDED_AS_BENCHMARK_POSITIVE_HERB,
H0649,HBG_5bc9543182ec,169,D06_100_199,10,True,2,True,NONE,INCLUDED_AS_BENCHMARK_POSITIVE_HERB,
H0650,HBG_b0968ba6c3b1,340,D07_200_399,36,True,4,True,NONE,INCLUDED_AS_BENCHMARK_POSITIVE_HERB,
H0651,HBG_c2ee1a3368d3,175,D06_100_199,38,True,2,True,NONE,INCLUDED_AS_BENCHMARK_POSITIVE_HERB,
H0652,HBG_c2ee1a3368d3,175,D06_100_199,38,True,2,True,NONE,INCLUDED_AS_BENCHMARK_POSITIVE_HERB,
H0653,HBG_a12f576b905f,7,D02_5_9,1,True,1,True,NONE,INCLUDED_AS_BENCHMARK_POSITIVE_HERB,
H0654,HBG_0d75e84c8cdd,9,D02_5_9,1,True,1,True,NONE,INCLUDED_AS_BENCHMARK_POSITIVE_HERB,
H0655,HBG_b96180b40a83,40,D04_20_49,6,True,1,True,NONE,INCLUDED_AS_BENCHMARK_POSITIVE_HERB,
H0656,HBG_9d30fa71cd8e,280,D07_200_399,14,True,1,True,NONE,INCLUDED_AS_BENCHMARK_POSITIVE_HERB,
H0657,HBG_35ea648b06d0,13,D03_10_19,1,True,1,True,NONE,INCLUDED_AS_BENCHMARK_POSITIVE_HERB,
H0658,HBG_43e14141a333,222,D07_200_399,6,True,2,True,NONE,INCLUDED_AS_BENCHMARK_POSITIVE_HERB,
H0659,HBG_b0968ba6c3b1,336,D07_200_399,30,True,4,True,NONE,INCLUDED_AS_BENCHMARK_POSITIVE_HERB,
H0660,HBG_7ecce4367dd5,4,D01_1_4,1,True,1,True,NONE,INCLUDED_AS_BENCHMARK_POSITIVE_HERB,
H0661,HBG_27a287071d6b,147,D06_100_199,2,True,1,True,NONE,INCLUDED_AS_BENCHMARK_POSITIVE_HERB,
H0662,HBG_e946ed2a81b3,3,D01_1_4,2,True,1,True,NONE,INCLUDED_AS_BENCHMARK_POSITIVE_HERB,
H0663,HBG_4434169d63ef,327,D07_200_399,19,True,1,True,NONE,INCLUDED_AS_BENCHMARK_POSITIVE_HERB,
H0664,HBG_ab4ae2581394,108,D06_100_199,3,True,1,True,NONE,INCLUDED_AS_BENCHMARK_POSITIVE_HERB,
H0665,HBG_b0968ba6c3b1,336,D07_200_399,30,True,4,True,NONE,INCLUDED_AS_BENCHMARK_POSITIVE_HERB,
H0666,HBG_967697e956c2,19,D03_10_19,5,True,2,True,NONE,INCLUDED_AS_BENCHMARK_POSITIVE_HERB,
H0667,HBG_a8bfad9364eb,48,D04_20_49,6,True,2,True,NONE,INCLUDED_AS_BENCHMARK_POSITIVE_HERB,
H0668,HBG_1c7a88bf329e,152,D06_100_199,3,True,1,True,NONE,INCLUDED_AS_BENCHMARK_POSITIVE_HERB,
H0669,HBG_67853cc36d52,71,D05_50_99,10,True,1,True,NONE,INCLUDED_AS_BENCHMARK_POSITIVE_HERB,
H0670,HBG_5d92b31c69fe,101,D06_100_199,4,True,1,True,NONE,INCLUDED_AS_BENCHMARK_POSITIVE_HERB,
H0671,HBG_38943549616b,44,D04_20_49,6,True,2,True,NONE,INCLUDED_AS_BENCHMARK_POSITIVE_HERB,
H0672,HBG_ee92b63d5e13,22,D04_20_49,3,True,1,True,NONE,INCLUDED_AS_BENCHMARK_POSITIVE_HERB,
H0673,HBG_fb73341b109a,83,D05_50_99,14,True,1,True,NONE,INCLUDED_AS_BENCHMARK_POSITIVE_HERB,
H0674,HBG_f2c821eb8699,48,D04_20_49,9,True,4,True,NONE,INCLUDED_AS_BENCHMARK_POSITIVE_HERB,
H0675,HBG_f2c821eb8699,48,D04_20_49,9,True,4,True,NONE,INCLUDED_AS_BENCHMARK_POSITIVE_HERB,
H0676,HBG_f2c821eb8699,48,D04_20_49,9,True,4,True,NONE,INCLUDED_AS_BENCHMARK_POSITIVE_HERB,
H0677,HBG_829d47387bff,69,D05_50_99,3,True,2,True,NONE,INCLUDED_AS_BENCHMARK_POSITIVE_HERB,
H0678,HBG_f2c821eb8699,48,D04_20_49,9,True,4,True,NONE,INCLUDED_AS_BENCHMARK_POSITIVE_HERB,
H0679,HBG_bb8a0a88cbe8,324,D07_200_399,23,True,1,True,NONE,INCLUDED_AS_BENCHMARK_POSITIVE_HERB,
H0680,HBG_5ef6a3caed67,208,D07_200_399,3,True,2,True,NONE,INCLUDED_AS_BENCHMARK_POSITIVE_HERB,
H0681,HBG_5ef6a3caed67,208,D07_200_399,3,True,2,True,NONE,INCLUDED_AS_BENCHMARK_POSITIVE_HERB,
H0682,HBG_ef58b94c11ae,136,D06_100_199,18,True,7,True,NONE,INCLUDED_AS_BENCHMARK_POSITIVE_HERB,
H0683,HBG_0334116fede0,39,D04_20_49,4,True,1,True,NONE,INCLUDED_AS_BENCHMARK_POSITIVE_HERB,
H0684,HBG_dde3b4d66cdf,19,D03_10_19,2,True,1,True,NONE,INCLUDED_AS_BENCHMARK_POSITIVE_HERB,
H0685,HBG_5e9c38c57c16,68,D05_50_99,9,True,1,True,NONE,INCLUDED_AS_BENCHMARK_POSITIVE_HERB,
H0686,HBG_beb7281626fa,13,D03_10_19,4,True,1,True,NONE,INCLUDED_AS_BENCHMARK_POSITIVE_HERB,
H0687,HBG_aa103c698008,1,D01_1_4,1,True,3,True,NONE,INCLUDED_AS_BENCHMARK_POSITIVE_HERB,
H0688,HBG_be975cb58574,114,D06_100_199,14,True,2,True,NONE,INCLUDED_AS_BENCHMARK_POSITIVE_HERB,
H0689,HBG_41def223e543,66,D05_50_99,4,True,1,True,NONE,INCLUDED_AS_BENCHMARK_POSITIVE_HERB,
H0691,HBG_33420a4f35bf,313,D07_200_399,18,True,1,True,NONE,INCLUDED_AS_BENCHMARK_POSITIVE_HERB,
H0692,HBG_b017cb17f084,339,D07_200_399,11,True,1,True,ENGLISH_FIELD_DISABLED,INCLUDED_AS_BENCHMARK_POSITIVE_HERB,
H0693,HBG_8cd7e4b65ebf,319,D07_200_399,15,True,1,True,NONE,INCLUDED_AS_BENCHMARK_POSITIVE_HERB,
H0694,HBG_6b33db510100,1,D01_1_4,1,True,1,True,NONE,INCLUDED_AS_BENCHMARK_POSITIVE_HERB,
H0695,HBG_1c6fe51c19dd,179,D06_100_199,16,True,1,True,NONE,INCLUDED_AS_BENCHMARK_POSITIVE_HERB,
H0696,HBG_4f8f7d4e5791,277,D07_200_399,12,True,1,True,NONE,INCLUDED_AS_BENCHMARK_POSITIVE_HERB,
H0697,HBG_64de98de1e64,335,D07_200_399,19,True,1,True,NONE,INCLUDED_AS_BENCHMARK_POSITIVE_HERB,
H0698,HBG_8135810d7aa0,228,D07_200_399,8,True,3,True,NONE,INCLUDED_AS_BENCHMARK_POSITIVE_HERB,
H0699,HBG_1dd673709d30,19,D03_10_19,2,True,1,True,NONE,INCLUDED_AS_BENCHMARK_POSITIVE_HERB,
H0700,HBG_ca9ad5720e39,59,D05_50_99,10,True,1,True,NONE,INCLUDED_AS_BENCHMARK_POSITIVE_HERB,
H0701,HBG_80e3e97ddc76,83,D05_50_99,3,True,1,True,NONE,INCLUDED_AS_BENCHMARK_POSITIVE_HERB,
H0702,HBG_3bb72e548ddf,46,D04_20_49,7,True,1,True,NONE,INCLUDED_AS_BENCHMARK_POSITIVE_HERB,
H0703,HBG_1fe3b980b48c,27,D04_20_49,2,True,1,True,NONE,INCLUDED_AS_BENCHMARK_POSITIVE_HERB,
H0704,HBG_615797f8f1a0,149,D06_100_199,19,True,5,True,NONE,INCLUDED_AS_BENCHMARK_POSITIVE_HERB,
H0705,HBG_cb6dba37e698,170,D06_100_199,16,True,1,True,NONE,INCLUDED_AS_BENCHMARK_POSITIVE_HERB,
H0706,HBG_1f1573d18be9,85,D05_50_99,8,True,1,True,NONE,INCLUDED_AS_BENCHMARK_POSITIVE_HERB,
H0707,HBG_ec4349dd803d,210,D07_200_399,9,True,5,True,NONE,INCLUDED_AS_BENCHMARK_POSITIVE_HERB,
H0708,HBG_ec4349dd803d,210,D07_200_399,9,True,5,True,NONE,INCLUDED_AS_BENCHMARK_POSITIVE_HERB,
H0709,HBG_4543f7862ff3,69,D05_50_99,3,True,1,True,NONE,INCLUDED_AS_BENCHMARK_POSITIVE_HERB,
H0710,HBG_ec4349dd803d,210,D07_200_399,9,True,5,True,NONE,INCLUDED_AS_BENCHMARK_POSITIVE_HERB,
H0711,HBG_ec4349dd803d,210,D07_200_399,9,True,5,True,NONE,INCLUDED_AS_BENCHMARK_POSITIVE_HERB,
H0712,HBG_a3f2d95fafdb,20,D04_20_49,4,True,1,True,NONE,INCLUDED_AS_BENCHMARK_POSITIVE_HERB,
H0713,HBG_74e00cb42986,170,D06_100_199,17,True,1,True,NONE,INCLUDED_AS_BENCHMARK_POSITIVE_HERB,
H0714,HBG_b0968ba6c3b1,336,D07_200_399,30,True,4,True,NONE,INCLUDED_AS_BENCHMARK_POSITIVE_HERB,
H0715,HBG_1c4eb6b50cff,136,D06_100_199,15,True,1,True,NONE,INCLUDED_AS_BENCHMARK_POSITIVE_HERB,
H0716,HBG_0c731d1afd0f,245,D07_200_399,9,True,2,True,NONE,INCLUDED_AS_BENCHMARK_POSITIVE_HERB,
H0717,HBG_0c731d1afd0f,245,D07_200_399,9,True,2,True,NONE,INCLUDED_AS_BENCHMARK_POSITIVE_HERB,
H0718,HBG_5d8afaa98564,43,D04_20_49,7,True,2,True,NONE,INCLUDED_AS_BENCHMARK_POSITIVE_HERB,
H0719,HBG_a7eddf6a48c0,76,D05_50_99,10,True,1,True,NONE,INCLUDED_AS_BENCHMARK_POSITIVE_HERB,
H0720,HBG_698e28e66f64,70,D05_50_99,3,True,1,True,NONE,INCLUDED_AS_BENCHMARK_POSITIVE_HERB,
H0721,HBG_3f9020bc6752,133,D06_100_199,6,True,1,True,NONE,INCLUDED_AS_BENCHMARK_POSITIVE_HERB,
H0722,HBG_bf516abe502c,24,D04_20_49,4,True,2,True,NONE,INCLUDED_AS_BENCHMARK_POSITIVE_HERB,
H0723,HBG_2d8dd1b2e7fa,12,D03_10_19,1,True,1,True,NONE,INCLUDED_AS_BENCHMARK_POSITIVE_HERB,
H0724,HBG_87b102e549a1,12,D03_10_19,1,True,1,True,NONE,INCLUDED_AS_BENCHMARK_POSITIVE_HERB,
H0725,HBG_1e97727f686b,60,D05_50_99,3,True,2,True,NONE,INCLUDED_AS_BENCHMARK_POSITIVE_HERB,
H0726,HBG_04cf9df84c0b,5,D02_5_9,1,True,3,True,NONE,INCLUDED_AS_BENCHMARK_POSITIVE_HERB,
H0727,HBG_c138ad243cff,156,D06_100_199,7,True,1,True,NONE,INCLUDED_AS_BENCHMARK_POSITIVE_HERB,
H0728,HBG_77ae051c673b,4,D01_1_4,1,True,1,True,NONE,INCLUDED_AS_BENCHMARK_POSITIVE_HERB,
H0729,HBG_be0779f1a2d9,337,D07_200_399,29,True,1,True,NONE,INCLUDED_AS_BENCHMARK_POSITIVE_HERB,
H0730,HBG_4de06fdf6443,264,D07_200_399,12,True,1,True,ENGLISH_FIELD_DISABLED,INCLUDED_AS_BENCHMARK_POSITIVE_HERB,
H0731,HBG_5cfeb9d489e8,14,D03_10_19,3,True,1,True,NONE,INCLUDED_AS_BENCHMARK_POSITIVE_HERB,
H0732,HBG_f5d3ff285109,34,D04_20_49,2,True,1,True,NONE,INCLUDED_AS_BENCHMARK_POSITIVE_HERB,
H0733,HBG_56d2c3215c10,334,D07_200_399,29,True,2,True,NONE,INCLUDED_AS_BENCHMARK_POSITIVE_HERB,
H0734,HBG_0a2cc1bda92c,224,D07_200_399,3,True,2,True,NONE,INCLUDED_AS_BENCHMARK_POSITIVE_HERB,
H0735,HBG_34fabcdd0e22,80,D05_50_99,6,True,1,True,NONE,INCLUDED_AS_BENCHMARK_POSITIVE_HERB,
H0736,HBG_37d96977c251,45,D04_20_49,5,True,1,True,NONE,INCLUDED_AS_BENCHMARK_POSITIVE_HERB,
H0737,HBG_f3383250f4a2,5,D02_5_9,1,True,1,True,NONE,INCLUDED_AS_BENCHMARK_POSITIVE_HERB,
H0738,HBG_3d5b5a862617,27,D04_20_49,3,True,1,True,NONE,INCLUDED_AS_BENCHMARK_POSITIVE_HERB,
H0739,HBG_e2501b9e5098,50,D05_50_99,3,True,1,True,NONE,INCLUDED_AS_BENCHMARK_POSITIVE_HERB,
H0740,HBG_ea8bf05fcc20,134,D06_100_199,19,True,2,True,NONE,INCLUDED_AS_BENCHMARK_POSITIVE_HERB,
H0741,HBG_92121f039e03,45,D04_20_49,4,True,1,True,NONE,INCLUDED_AS_BENCHMARK_POSITIVE_HERB,
H0742,HBG_2f345bb500a0,1,D01_1_4,1,True,1,True,NONE,INCLUDED_AS_BENCHMARK_POSITIVE_HERB,
H0743,HBG_ea8bf05fcc20,128,D06_100_199,16,True,2,True,NONE,INCLUDED_AS_BENCHMARK_POSITIVE_HERB,
H0744,HBG_dee471a97344,45,D04_20_49,1,True,1,True,NONE,INCLUDED_AS_BENCHMARK_POSITIVE_HERB,
H0745,HBG_9a29e1334a62,316,D07_200_399,45,True,3,True,NONE,INCLUDED_AS_BENCHMARK_POSITIVE_HERB,
H0746,HBG_9a29e1334a62,316,D07_200_399,45,True,3,True,NONE,INCLUDED_AS_BENCHMARK_POSITIVE_HERB,
H0747,HBG_3939d145d81e,127,D06_100_199,17,True,1,True,NONE,INCLUDED_AS_BENCHMARK_POSITIVE_HERB,
H0748,HBG_967697e956c2,19,D03_10_19,5,True,2,True,NONE,INCLUDED_AS_BENCHMARK_POSITIVE_HERB,
H0749,HBG_5d407ee7b85b,38,D04_20_49,5,True,1,True,NONE,INCLUDED_AS_BENCHMARK_POSITIVE_HERB,
H0750,HBG_941d2832fec4,457,D08_400_PLUS,60,True,3,True,NONE,INCLUDED_AS_BENCHMARK_POSITIVE_HERB,
H0751,HBG_e67229ff402f,38,D04_20_49,6,True,3,True,NONE,INCLUDED_AS_BENCHMARK_POSITIVE_HERB,
H0752,HBG_e67229ff402f,38,D04_20_49,6,True,3,True,NONE,INCLUDED_AS_BENCHMARK_POSITIVE_HERB,
H0753,HBG_e67229ff402f,38,D04_20_49,6,True,3,True,NONE,INCLUDED_AS_BENCHMARK_POSITIVE_HERB,
H0754,HBG_8a181477b3c9,14,D03_10_19,3,True,1,True,NONE,INCLUDED_AS_BENCHMARK_POSITIVE_HERB,
H0755,HBG_6d5f58b32ff2,72,D05_50_99,11,True,1,True,NONE,INCLUDED_AS_BENCHMARK_POSITIVE_HERB,
H0756,HBG_ba17478be9ec,140,D06_100_199,20,True,2,True,NONE,INCLUDED_AS_BENCHMARK_POSITIVE_HERB,
H0757,HBG_ba17478be9ec,142,D06_100_199,21,True,2,True,NONE,INCLUDED_AS_BENCHMARK_POSITIVE_HERB,
H0758,HBG_3d71c8e92138,413,D08_400_PLUS,54,True,5,True,NONE,INCLUDED_AS_BENCHMARK_POSITIVE_HERB,
H0759,HBG_0d485f163e75,21,D04_20_49,1,True,1,True,NONE,INCLUDED_AS_BENCHMARK_POSITIVE_HERB,
H0760,HBG_ef58b94c11ae,136,D06_100_199,18,True,7,True,NONE,INCLUDED_AS_BENCHMARK_POSITIVE_HERB,
H0761,HBG_cbcabca7d0f6,293,D07_200_399,7,True,1,True,NONE,INCLUDED_AS_BENCHMARK_POSITIVE_HERB,
H0762,HBG_b3c8258b0e1d,26,D04_20_49,5,True,1,True,NONE,INCLUDED_AS_BENCHMARK_POSITIVE_HERB,
H0763,HBG_107f6ad73c18,75,D05_50_99,17,True,1,True,NONE,INCLUDED_AS_BENCHMARK_POSITIVE_HERB,
H0764,HBG_21430d79b83e,290,D07_200_399,34,True,1,True,NONE,INCLUDED_AS_BENCHMARK_POSITIVE_HERB,
H0765,HBG_c4637945081c,372,D07_200_399,15,True,1,True,NONE,INCLUDED_AS_BENCHMARK_POSITIVE_HERB,
H0766,HBG_96b94307d8c9,51,D05_50_99,9,True,1,True,NONE,INCLUDED_AS_BENCHMARK_POSITIVE_HERB,
H0767,HBG_aa103c698008,1,D01_1_4,1,True,3,True,NONE,INCLUDED_AS_BENCHMARK_POSITIVE_HERB,
H0768,HBG_be975cb58574,114,D06_100_199,14,True,2,True,NONE,INCLUDED_AS_BENCHMARK_POSITIVE_HERB,
H0769,HBG_9e8563c175b7,86,D05_50_99,10,True,3,True,NONE,INCLUDED_AS_BENCHMARK_POSITIVE_HERB,
H0770,HBG_9e8563c175b7,85,D05_50_99,9,True,3,True,NONE,INCLUDED_AS_BENCHMARK_POSITIVE_HERB,
H0771,HBG_9e8563c175b7,85,D05_50_99,9,True,3,True,NONE,INCLUDED_AS_BENCHMARK_POSITIVE_HERB,
H0772,HBG_5bb7102ef2f5,260,D07_200_399,18,True,1,True,NONE,INCLUDED_AS_BENCHMARK_POSITIVE_HERB,
H0773,HBG_ffaad43f8e1e,54,D05_50_99,7,True,3,True,NONE,INCLUDED_AS_BENCHMARK_POSITIVE_HERB,
H0774,HBG_8893f7734445,26,D04_20_49,6,True,1,True,NONE,INCLUDED_AS_BENCHMARK_POSITIVE_HERB,
H0775,HBG_44b2df3fd52f,41,D04_20_49,5,True,1,True,NONE,INCLUDED_AS_BENCHMARK_POSITIVE_HERB,
H0776,HBG_320fad92c4f9,29,D04_20_49,2,True,2,True,NONE,INCLUDED_AS_BENCHMARK_POSITIVE_HERB,
H0777,HBG_8135810d7aa0,228,D07_200_399,8,True,3,True,NONE,INCLUDED_AS_BENCHMARK_POSITIVE_HERB,
H0778,HBG_320fad92c4f9,30,D04_20_49,3,True,2,True,NONE,INCLUDED_AS_BENCHMARK_POSITIVE_HERB,
H0779,HBG_8135810d7aa0,228,D07_200_399,8,True,3,True,NONE,INCLUDED_AS_BENCHMARK_POSITIVE_HERB,
H0780,HBG_19a1c3f77d5d,24,D04_20_49,2,True,1,True,NONE,INCLUDED_AS_BENCHMARK_POSITIVE_HERB,
H0781,HBG_b40e68a47d96,18,D03_10_19,3,True,1,True,NONE,INCLUDED_AS_BENCHMARK_POSITIVE_HERB,
H0782,HBG_394cc80eb83b,12,D03_10_19,2,True,1,True,NONE,INCLUDED_AS_BENCHMARK_POSITIVE_HERB,
H0783,HBG_c434ec5b8794,5,D02_5_9,2,True,1,True,NONE,INCLUDED_AS_BENCHMARK_POSITIVE_HERB,
H0784,HBG_d1a37864e921,178,D06_100_199,16,True,1,True,NONE,INCLUDED_AS_BENCHMARK_POSITIVE_HERB,
H0785,HBG_ef58b94c11ae,136,D06_100_199,18,True,7,True,NONE,INCLUDED_AS_BENCHMARK_POSITIVE_HERB,
H0786,HBG_0eebdfbfdb5f,63,D05_50_99,8,True,5,True,NONE,INCLUDED_AS_BENCHMARK_POSITIVE_HERB,
H0787,HBG_0eebdfbfdb5f,63,D05_50_99,8,True,5,True,NONE,INCLUDED_AS_BENCHMARK_POSITIVE_HERB,
H0788,HBG_0eebdfbfdb5f,63,D05_50_99,8,True,5,True,NONE,INCLUDED_AS_BENCHMARK_POSITIVE_HERB,
H0789,HBG_0eebdfbfdb5f,63,D05_50_99,8,True,5,True,NONE,INCLUDED_AS_BENCHMARK_POSITIVE_HERB,
H0790,HBG_0eebdfbfdb5f,63,D05_50_99,8,True,5,True,NONE,INCLUDED_AS_BENCHMARK_POSITIVE_HERB,
H0791,HBG_f20db82ed82c,10,D03_10_19,2,True,1,True,NONE,INCLUDED_AS_BENCHMARK_POSITIVE_HERB,
H0792,HBG_30a4d4e01b5c,116,D06_100_199,5,True,1,True,NONE,INCLUDED_AS_BENCHMARK_POSITIVE_HERB,
H0793,HBG_f4567da904dc,222,D07_200_399,9,True,1,True,NONE,INCLUDED_AS_BENCHMARK_POSITIVE_HERB,
H0794,HBG_f96196c34131,7,D02_5_9,2,True,1,True,NONE,INCLUDED_AS_BENCHMARK_POSITIVE_HERB,
H0795,HBG_c1fe65ddc549,11,D03_10_19,2,True,1,True,NONE,INCLUDED_AS_BENCHMARK_POSITIVE_HERB,
H0796,HBG_f2fe7117849d,1,D01_1_4,1,True,3,True,NONE,INCLUDED_AS_BENCHMARK_POSITIVE_HERB,
H0797,HBG_d2af72122083,2,D01_1_4,1,True,1,True,NONE,INCLUDED_AS_BENCHMARK_POSITIVE_HERB,
H0798,HBG_0a2cc1bda92c,224,D07_200_399,3,True,2,True,NONE,INCLUDED_AS_BENCHMARK_POSITIVE_HERB,
H0799,HBG_f2fe7117849d,1,D01_1_4,1,True,3,True,NONE,INCLUDED_AS_BENCHMARK_POSITIVE_HERB,
H0800,HBG_f2fe7117849d,1,D01_1_4,1,True,3,True,NONE,INCLUDED_AS_BENCHMARK_POSITIVE_HERB,
H0801,HBG_bef11d45c157,102,D06_100_199,7,True,1,True,NONE,INCLUDED_AS_BENCHMARK_POSITIVE_HERB,
H0802,HBG_3d71c8e92138,201,D07_200_399,54,True,5,True,NONE,INCLUDED_AS_BENCHMARK_POSITIVE_HERB,
H0803,HBG_2c696ef7c110,37,D04_20_49,2,True,3,True,NONE,INCLUDED_AS_BENCHMARK_POSITIVE_HERB,
H0804,HBG_3d71c8e92138,422,D08_400_PLUS,56,True,5,True,NONE,INCLUDED_AS_BENCHMARK_POSITIVE_HERB,
H0805,HBG_3d71c8e92138,413,D08_400_PLUS,54,True,5,True,NONE,INCLUDED_AS_BENCHMARK_POSITIVE_HERB,
H0806,HBG_1d4e70cb99cf,7,D02_5_9,1,True,1,True,NONE,INCLUDED_AS_BENCHMARK_POSITIVE_HERB,
H0807,HBG_83f22a8f4dad,24,D04_20_49,3,True,1,True,NONE,INCLUDED_AS_BENCHMARK_POSITIVE_HERB,
H0808,HBG_5c8a3f99a60c,20,D04_20_49,2,True,1,True,NONE,INCLUDED_AS_BENCHMARK_POSITIVE_HERB,
H0809,HBG_03d225e78075,208,D07_200_399,14,True,1,True,NONE,INCLUDED_AS_BENCHMARK_POSITIVE_HERB,
H0810,HBG_c386e1d3204d,1,D01_1_4,1,True,1,True,NONE,INCLUDED_AS_BENCHMARK_POSITIVE_HERB,
H0811,HBG_9f5cbe9fbcfa,13,D03_10_19,1,True,1,True,NONE,INCLUDED_AS_BENCHMARK_POSITIVE_HERB,
H0812,HBG_e96bcb549c87,25,D04_20_49,5,True,1,True,NONE,INCLUDED_AS_BENCHMARK_POSITIVE_HERB,
H0813,HBG_3d71c8e92138,413,D08_400_PLUS,57,True,5,True,NONE,INCLUDED_AS_BENCHMARK_POSITIVE_HERB,
H0814,HBG_78b099bb2f40,4,D01_1_4,2,True,1,True,NONE,INCLUDED_AS_BENCHMARK_POSITIVE_HERB,
H0815,HBG_aa103c698008,1,D01_1_4,1,True,3,True,NONE,INCLUDED_AS_BENCHMARK_POSITIVE_HERB,
H0816,HBG_5b89d52435ce,330,D07_200_399,15,True,2,True,NONE,INCLUDED_AS_BENCHMARK_POSITIVE_HERB,
H0817,HBG_3fcde9ae9ee1,46,D04_20_49,6,True,1,True,NONE,INCLUDED_AS_BENCHMARK_POSITIVE_HERB,
H0818,HBG_b114d2ba6a29,351,D07_200_399,41,True,2,True,NONE,INCLUDED_AS_BENCHMARK_POSITIVE_HERB,
H0819,HBG_b114d2ba6a29,339,D07_200_399,36,True,2,True,NONE,INCLUDED_AS_BENCHMARK_POSITIVE_HERB,
H0820,HBG_eb898e69d639,33,D04_20_49,3,True,1,True,NONE,INCLUDED_AS_BENCHMARK_POSITIVE_HERB,
H0821,HBG_5b89d52435ce,330,D07_200_399,15,True,2,True,NONE,INCLUDED_AS_BENCHMARK_POSITIVE_HERB,
H0822,HBG_28b26b19c3e6,35,D04_20_49,10,True,2,True,NONE,INCLUDED_AS_BENCHMARK_POSITIVE_HERB,
H0823,HBG_b6a7d94a342a,12,D03_10_19,1,True,1,True,NONE,INCLUDED_AS_BENCHMARK_POSITIVE_HERB,
H0824,HBG_40cded32b1f5,12,D03_10_19,1,True,1,True,NONE,INCLUDED_AS_BENCHMARK_POSITIVE_HERB,
H0825,HBG_48398c73717f,54,D05_50_99,7,True,1,True,NONE,INCLUDED_AS_BENCHMARK_POSITIVE_HERB,
H0826,HBG_baa9e67e43e8,304,D07_200_399,12,True,1,True,NONE,INCLUDED_AS_BENCHMARK_POSITIVE_HERB,
H0827,HBG_3110e24aca4a,65,D05_50_99,3,True,1,True,NONE,INCLUDED_AS_BENCHMARK_POSITIVE_HERB,
H0828,HBG_dd1845df619d,12,D03_10_19,1,True,1,True,NONE,INCLUDED_AS_BENCHMARK_POSITIVE_HERB,
H0829,HBG_779c35ecf04d,20,D04_20_49,3,True,1,True,NONE,INCLUDED_AS_BENCHMARK_POSITIVE_HERB,
H0830,HBG_d2f3ed6788ea,13,D03_10_19,1,True,2,True,NONE,INCLUDED_AS_BENCHMARK_POSITIVE_HERB,
H0831,HBG_c062103a2661,3,D01_1_4,4,True,1,True,NONE,INCLUDED_AS_BENCHMARK_POSITIVE_HERB,
H0832,HBG_2bc011f9109a,32,D04_20_49,3,True,1,True,NONE,INCLUDED_AS_BENCHMARK_POSITIVE_HERB,
H0833,HBG_30e4587ff4fe,4,D01_1_4,1,True,1,True,NONE,INCLUDED_AS_BENCHMARK_POSITIVE_HERB,
H0834,HBG_d2f3ed6788ea,13,D03_10_19,1,True,2,True,NONE,INCLUDED_AS_BENCHMARK_POSITIVE_HERB,
H0835,HBG_20553bc227b4,12,D03_10_19,2,True,1,True,NONE,INCLUDED_AS_BENCHMARK_POSITIVE_HERB,
H0836,HBG_da88ae3587f6,12,D03_10_19,1,True,3,True,NONE,INCLUDED_AS_BENCHMARK_POSITIVE_HERB,
H0837,HBG_82f5cb60d85c,15,D03_10_19,2,True,2,True,NONE,INCLUDED_AS_BENCHMARK_POSITIVE_HERB,
H0838,HBG_07989d057eb7,58,D05_50_99,5,True,1,True,NONE,INCLUDED_AS_BENCHMARK_POSITIVE_HERB,
H0839,HBG_38943549616b,44,D04_20_49,6,True,2,True,NONE,INCLUDED_AS_BENCHMARK_POSITIVE_HERB,
H0840,HBG_17ae6d886f10,13,D03_10_19,1,True,1,True,NONE,INCLUDED_AS_BENCHMARK_POSITIVE_HERB,
H0841,HBG_fcb15f16f0f6,56,D05_50_99,8,True,2,True,NONE,INCLUDED_AS_BENCHMARK_POSITIVE_HERB,
H0842,HBG_c8ca54a9d725,10,D03_10_19,1,True,1,True,NONE,INCLUDED_AS_BENCHMARK_POSITIVE_HERB,
H0843,HBG_ca0acb8f3a6c,22,D04_20_49,5,True,1,True,NONE,INCLUDED_AS_BENCHMARK_POSITIVE_HERB,
H0844,HBG_99135c58abab,179,D06_100_199,18,True,1,True,NONE,INCLUDED_AS_BENCHMARK_POSITIVE_HERB,
H0845,HBG_78a0d2ccac9b,11,D03_10_19,2,True,1,True,NONE,INCLUDED_AS_BENCHMARK_POSITIVE_HERB,
H0846,HBG_fcb15f16f0f6,56,D05_50_99,8,True,2,True,NONE,INCLUDED_AS_BENCHMARK_POSITIVE_HERB,
H0848,HBG_6c8394f853e3,259,D07_200_399,12,True,1,True,NONE,INCLUDED_AS_BENCHMARK_POSITIVE_HERB,
H0849,HBG_a5ca1c6e53e6,65,D05_50_99,11,True,2,True,NONE,INCLUDED_AS_BENCHMARK_POSITIVE_HERB,
H0850,HBG_a5ca1c6e53e6,71,D05_50_99,15,True,2,True,NONE,INCLUDED_AS_BENCHMARK_POSITIVE_HERB,
H0851,HBG_7a0b0d8e4cb7,20,D04_20_49,6,True,1,True,NONE,INCLUDED_AS_BENCHMARK_POSITIVE_HERB,
H0852,HBG_92e6fafd314b,120,D06_100_199,3,True,1,True,NONE,INCLUDED_AS_BENCHMARK_POSITIVE_HERB,
H0853,HBG_ba4fb545ef78,307,D07_200_399,14,True,3,True,NONE,INCLUDED_AS_BENCHMARK_POSITIVE_HERB,
H0854,HBG_acb1a559df30,125,D06_100_199,9,True,1,True,NONE,INCLUDED_AS_BENCHMARK_POSITIVE_HERB,
H0855,HBG_784326f3e60a,328,D07_200_399,13,True,2,True,NONE,INCLUDED_AS_BENCHMARK_POSITIVE_HERB,
H0856,HBG_6f980e5834d1,54,D05_50_99,6,True,4,True,NONE,INCLUDED_AS_BENCHMARK_POSITIVE_HERB,
H0857,HBG_6f980e5834d1,54,D05_50_99,6,True,4,True,NONE,INCLUDED_AS_BENCHMARK_POSITIVE_HERB,
H0858,HBG_6f980e5834d1,54,D05_50_99,6,True,4,True,NONE,INCLUDED_AS_BENCHMARK_POSITIVE_HERB,
H0859,HBG_784326f3e60a,319,D07_200_399,11,True,2,True,NONE,INCLUDED_AS_BENCHMARK_POSITIVE_HERB,
H0860,HBG_6f980e5834d1,54,D05_50_99,6,True,4,True,NONE,INCLUDED_AS_BENCHMARK_POSITIVE_HERB,
H0861,HBG_a1399bc2de3e,1,D01_1_4,1,True,1,True,NONE,INCLUDED_AS_BENCHMARK_POSITIVE_HERB,
H0862,HBG_a6fdd18a660b,6,D02_5_9,3,True,2,True,NONE,INCLUDED_AS_BENCHMARK_POSITIVE_HERB,
H0863,HBG_a01a3b9316d8,25,D04_20_49,5,True,2,True,NONE,INCLUDED_AS_BENCHMARK_POSITIVE_HERB,
H0864,HBG_ccbe0e72f729,23,D04_20_49,1,True,1,True,NONE,INCLUDED_AS_BENCHMARK_POSITIVE_HERB,
H0865,HBG_a6fdd18a660b,6,D02_5_9,3,True,2,True,NONE,INCLUDED_AS_BENCHMARK_POSITIVE_HERB,
H0866,HBG_51e954dd7e8c,38,D04_20_49,3,True,1,True,NONE,INCLUDED_AS_BENCHMARK_POSITIVE_HERB,
H0867,HBG_3e8450044b1e,20,D04_20_49,4,True,2,True,NONE,INCLUDED_AS_BENCHMARK_POSITIVE_HERB,
H0868,HBG_953727e0f19c,114,D06_100_199,19,True,2,True,NONE,INCLUDED_AS_BENCHMARK_POSITIVE_HERB,
H0869,HBG_7ca0db7c0946,139,D06_100_199,12,True,3,True,NONE,INCLUDED_AS_BENCHMARK_POSITIVE_HERB,
H0870,HBG_9b29a6379c7b,14,D03_10_19,1,True,1,True,NONE,INCLUDED_AS_BENCHMARK_POSITIVE_HERB,
H0871,HBG_02844fcf48ab,317,D07_200_399,18,True,1,True,NONE,INCLUDED_AS_BENCHMARK_POSITIVE_HERB,
H0872,HBG_ef58b94c11ae,136,D06_100_199,18,True,7,True,NONE,INCLUDED_AS_BENCHMARK_POSITIVE_HERB,
H0873,HBG_d7595041e852,11,D03_10_19,2,True,1,True,NONE,INCLUDED_AS_BENCHMARK_POSITIVE_HERB,
H0874,HBG_d0d3328b8169,29,D04_20_49,6,True,1,True,NONE,INCLUDED_AS_BENCHMARK_POSITIVE_HERB,
H0875,HBG_5bd61c7dbd77,24,D04_20_49,4,True,1,True,NONE,INCLUDED_AS_BENCHMARK_POSITIVE_HERB,
H0877,HBG_0620410523cb,9,D02_5_9,2,True,1,True,NONE,INCLUDED_AS_BENCHMARK_POSITIVE_HERB,
H0878,HBG_7ca0db7c0946,138,D06_100_199,11,True,3,True,NONE,INCLUDED_AS_BENCHMARK_POSITIVE_HERB,
H0879,HBG_cb7ede83831f,26,D04_20_49,3,True,1,True,NONE,INCLUDED_AS_BENCHMARK_POSITIVE_HERB,
H0880,HBG_44c39709264b,17,D03_10_19,3,True,2,True,NONE,INCLUDED_AS_BENCHMARK_POSITIVE_HERB,
H0881,HBG_9b56e3ab7876,81,D05_50_99,12,True,1,True,NONE,INCLUDED_AS_BENCHMARK_POSITIVE_HERB,
H0882,HBG_bc0e3200354a,7,D02_5_9,1,True,1,True,NONE,INCLUDED_AS_BENCHMARK_POSITIVE_HERB,
H0883,HBG_5a13d2574219,219,D07_200_399,1,True,1,True,NONE,INCLUDED_AS_BENCHMARK_POSITIVE_HERB,
H0884,HBG_e32078d0500f,2,D01_1_4,2,True,1,True,NONE,INCLUDED_AS_BENCHMARK_POSITIVE_HERB,
H0885,HBG_f67dca31411d,15,D03_10_19,2,True,1,True,NONE,INCLUDED_AS_BENCHMARK_POSITIVE_HERB,
H0886,HBG_c7164f305682,212,D07_200_399,14,True,4,True,NONE,INCLUDED_AS_BENCHMARK_POSITIVE_HERB,
H0887,HBG_c7164f305682,212,D07_200_399,13,True,4,True,NONE,INCLUDED_AS_BENCHMARK_POSITIVE_HERB,
H0888,HBG_7ca0db7c0946,132,D06_100_199,8,True,3,True,NONE,INCLUDED_AS_BENCHMARK_POSITIVE_HERB,
H0889,HBG_c7164f305682,212,D07_200_399,13,True,4,True,NONE,INCLUDED_AS_BENCHMARK_POSITIVE_HERB,
H0890,HBG_c7164f305682,212,D07_200_399,13,True,4,True,NONE,INCLUDED_AS_BENCHMARK_POSITIVE_HERB,
H0891,HBG_2677407683aa,89,D05_50_99,6,True,1,True,NONE,INCLUDED_AS_BENCHMARK_POSITIVE_HERB,
H0892,HBG_a7984616dea4,139,D06_100_199,27,True,2,True,NONE,INCLUDED_AS_BENCHMARK_POSITIVE_HERB,
H0893,HBG_a7984616dea4,130,D06_100_199,20,True,2,True,NONE,INCLUDED_AS_BENCHMARK_POSITIVE_HERB,
H0894,HBG_c8e7aa31a30d,111,D06_100_199,8,True,1,True,NONE,INCLUDED_AS_BENCHMARK_POSITIVE_HERB,
H0895,HBG_6410ad751165,390,D07_200_399,36,True,1,True,NONE,INCLUDED_AS_BENCHMARK_POSITIVE_HERB,
H0896,HBG_12730193310a,1,D01_1_4,1,True,1,True,NONE,INCLUDED_AS_BENCHMARK_POSITIVE_HERB,
H0897,HBG_d911d5ec22e5,395,D07_200_399,29,True,1,True,NONE,INCLUDED_AS_BENCHMARK_POSITIVE_HERB,
H0898,HBG_0b46ea1108ae,8,D02_5_9,3,True,2,True,NONE,INCLUDED_AS_BENCHMARK_POSITIVE_HERB,
H0899,HBG_0b46ea1108ae,8,D02_5_9,3,True,2,True,NONE,INCLUDED_AS_BENCHMARK_POSITIVE_HERB,
H0900,HBG_88cb86fc1aae,28,D04_20_49,5,True,1,True,NONE,INCLUDED_AS_BENCHMARK_POSITIVE_HERB,
H0901,HBG_b1928cc08877,300,D07_200_399,9,True,1,True,NONE,INCLUDED_AS_BENCHMARK_POSITIVE_HERB,
H0902,HBG_5b1c1c9160b3,265,D07_200_399,11,True,1,True,NONE,INCLUDED_AS_BENCHMARK_POSITIVE_HERB,
H0903,HBG_a7672936910a,59,D05_50_99,10,True,1,True,NONE,INCLUDED_AS_BENCHMARK_POSITIVE_HERB,
H0904,HBG_88f1f4228f1a,17,D03_10_19,2,True,2,True,NONE,INCLUDED_AS_BENCHMARK_POSITIVE_HERB,
H0905,HBG_b9a5844724d3,1,D01_1_4,1,True,1,True,NONE,INCLUDED_AS_BENCHMARK_POSITIVE_HERB,
H0906,HBG_9061ad6d2b9f,109,D06_100_199,2,True,1,True,NONE,INCLUDED_AS_BENCHMARK_POSITIVE_HERB,
H0907,HBG_3290516fbb04,12,D03_10_19,1,True,1,True,NONE,INCLUDED_AS_BENCHMARK_POSITIVE_HERB,
H0908,HBG_40ac796ed032,220,D07_200_399,7,True,5,True,NONE,INCLUDED_AS_BENCHMARK_POSITIVE_HERB,
H0909,HBG_40ac796ed032,205,D07_200_399,5,True,5,True,NONE,INCLUDED_AS_BENCHMARK_POSITIVE_HERB,
H0910,HBG_40ac796ed032,205,D07_200_399,5,True,5,True,NONE,INCLUDED_AS_BENCHMARK_POSITIVE_HERB,
H0911,HBG_f05264598ab7,4,D01_1_4,2,True,1,True,NONE,INCLUDED_AS_BENCHMARK_POSITIVE_HERB,
H0912,HBG_40ac796ed032,205,D07_200_399,5,True,5,True,NONE,INCLUDED_AS_BENCHMARK_POSITIVE_HERB,
H0913,HBG_40ac796ed032,205,D07_200_399,5,True,5,True,NONE,INCLUDED_AS_BENCHMARK_POSITIVE_HERB,
H0914,HBG_adc3cea14e67,17,D03_10_19,2,True,2,True,NONE,INCLUDED_AS_BENCHMARK_POSITIVE_HERB,
H0915,HBG_636690108da6,23,D04_20_49,5,True,1,True,NONE,INCLUDED_AS_BENCHMARK_POSITIVE_HERB,
H0916,HBG_adc3cea14e67,17,D03_10_19,2,True,2,True,NONE,INCLUDED_AS_BENCHMARK_POSITIVE_HERB,
H0917,HBG_4f183813675e,1,D01_1_4,1,True,1,True,NONE,INCLUDED_AS_BENCHMARK_POSITIVE_HERB,
H0918,HBG_ec4349dd803d,210,D07_200_399,9,True,5,True,NONE,INCLUDED_AS_BENCHMARK_POSITIVE_HERB,
H0919,HBG_592ce44ebce1,62,D05_50_99,3,True,1,True,NONE,INCLUDED_AS_BENCHMARK_POSITIVE_HERB,
H0920,HBG_6b696b6d58d4,306,D07_200_399,20,True,1,True,NONE,INCLUDED_AS_BENCHMARK_POSITIVE_HERB,
H0921,HBG_bd0b3ddd2063,25,D04_20_49,5,True,1,True,NONE,INCLUDED_AS_BENCHMARK_POSITIVE_HERB,
H0922,HBG_ba0c857ba83c,24,D04_20_49,1,True,1,True,NONE,INCLUDED_AS_BENCHMARK_POSITIVE_HERB,
H0923,HBG_4b6f9072e8e4,4,D01_1_4,3,True,1,True,NONE,INCLUDED_AS_BENCHMARK_POSITIVE_HERB,
H0924,HBG_84988e4e869c,28,D04_20_49,3,True,1,True,NONE,INCLUDED_AS_BENCHMARK_POSITIVE_HERB,
H0925,HBG_caee817f7ef5,148,D06_100_199,12,True,1,True,NONE,INCLUDED_AS_BENCHMARK_POSITIVE_HERB,
H0926,HBG_9d8c32c09a36,402,D08_400_PLUS,31,True,3,True,NONE,INCLUDED_AS_BENCHMARK_POSITIVE_HERB,
H0927,HBG_9d8c32c09a36,401,D08_400_PLUS,28,True,3,True,NONE,INCLUDED_AS_BENCHMARK_POSITIVE_HERB,
H0928,HBG_9d8c32c09a36,401,D08_400_PLUS,28,True,3,True,NONE,INCLUDED_AS_BENCHMARK_POSITIVE_HERB,
H0929,HBG_008fb938cf34,10,D03_10_19,1,True,1,True,NONE,INCLUDED_AS_BENCHMARK_POSITIVE_HERB,
H0930,HBG_c797cc1c36c4,26,D04_20_49,3,True,3,True,NONE,INCLUDED_AS_BENCHMARK_POSITIVE_HERB,
H0931,HBG_c797cc1c36c4,26,D04_20_49,3,True,3,True,NONE,INCLUDED_AS_BENCHMARK_POSITIVE_HERB,
H0932,HBG_51b5be3d1f17,452,D08_400_PLUS,31,True,1,True,NONE,INCLUDED_AS_BENCHMARK_POSITIVE_HERB,
H0933,HBG_c797cc1c36c4,32,D04_20_49,6,True,3,True,NONE,INCLUDED_AS_BENCHMARK_POSITIVE_HERB,
H0934,HBG_2b2aef9a22bf,24,D04_20_49,3,True,1,True,NONE,INCLUDED_AS_BENCHMARK_POSITIVE_HERB,
H0935,HBG_f6d1d4899699,1,D01_1_4,1,True,1,True,NONE,INCLUDED_AS_BENCHMARK_POSITIVE_HERB,
H0936,HBG_1ce2cbd827ee,5,D02_5_9,1,True,1,True,NONE,INCLUDED_AS_BENCHMARK_POSITIVE_HERB,
H0937,HBG_147057346d5e,100,D06_100_199,16,True,1,True,NONE,INCLUDED_AS_BENCHMARK_POSITIVE_HERB,
H0938,HBG_45aa563130fa,399,D07_200_399,30,True,1,True,NONE,INCLUDED_AS_BENCHMARK_POSITIVE_HERB,
H0939,HBG_41b9212a005f,73,D05_50_99,10,True,1,True,NONE,INCLUDED_AS_BENCHMARK_POSITIVE_HERB,
H0940,HBG_1e26b149e9cb,44,D04_20_49,6,True,1,True,NONE,INCLUDED_AS_BENCHMARK_POSITIVE_HERB,
H0941,HBG_c98bef700353,473,D08_400_PLUS,67,True,1,True,NONE,INCLUDED_AS_BENCHMARK_POSITIVE_HERB,
H0943,HBG_b37520902735,45,D04_20_49,5,True,1,True,NONE,INCLUDED_AS_BENCHMARK_POSITIVE_HERB,
H0944,HBG_24641533cced,251,D07_200_399,16,True,4,True,ENGLISH_FIELD_DISABLED,INCLUDED_AS_BENCHMARK_POSITIVE_HERB,
H0945,HBG_a871ab32e3d4,11,D03_10_19,3,True,4,True,NONE,INCLUDED_AS_BENCHMARK_POSITIVE_HERB,
H0946,HBG_ecb32cdff3e6,3,D01_1_4,2,True,1,True,NONE,INCLUDED_AS_BENCHMARK_POSITIVE_HERB,
H0947,HBG_89f70e3cf134,3,D01_1_4,4,True,1,True,NONE,INCLUDED_AS_BENCHMARK_POSITIVE_HERB,
H0948,HBG_1ad666fe50ea,1,D01_1_4,1,True,2,True,NONE,INCLUDED_AS_BENCHMARK_POSITIVE_HERB,
H0949,HBG_aade9ca6e472,475,D08_400_PLUS,45,True,3,True,NONE,INCLUDED_AS_BENCHMARK_POSITIVE_HERB,
H0950,HBG_aade9ca6e472,470,D08_400_PLUS,40,True,3,True,NONE,INCLUDED_AS_BENCHMARK_POSITIVE_HERB,
H0951,HBG_aade9ca6e472,470,D08_400_PLUS,40,True,3,True,NONE,INCLUDED_AS_BENCHMARK_POSITIVE_HERB,
H0952,HBG_24641533cced,251,D07_200_399,16,True,4,True,ENGLISH_FIELD_DISABLED,INCLUDED_AS_BENCHMARK_POSITIVE_HERB,
H0953,HBG_1ad666fe50ea,1,D01_1_4,1,True,2,True,NONE,INCLUDED_AS_BENCHMARK_POSITIVE_HERB,
H0954,HBG_1e12b659d031,46,D04_20_49,5,True,1,True,NONE,INCLUDED_AS_BENCHMARK_POSITIVE_HERB,
H0955,HBG_a8c7a2e3b2df,341,D07_200_399,68,True,2,True,NONE,INCLUDED_AS_BENCHMARK_POSITIVE_HERB,
H0956,HBG_a8c7a2e3b2df,329,D07_200_399,59,True,2,True,ENGLISH_FIELD_DISABLED,INCLUDED_AS_BENCHMARK_POSITIVE_HERB,
H0957,HBG_c35834bdb19f,304,D07_200_399,12,True,1,True,ENGLISH_FIELD_DISABLED,INCLUDED_AS_BENCHMARK_POSITIVE_HERB,
H0958,HBG_082b9891ede2,369,D07_200_399,30,True,2,True,NONE,INCLUDED_AS_BENCHMARK_POSITIVE_HERB,
H0959,HBG_4bc96374eedd,25,D04_20_49,2,True,1,True,NONE,INCLUDED_AS_BENCHMARK_POSITIVE_HERB,
H0960,HBG_082b9891ede2,354,D07_200_399,20,True,2,True,NONE,INCLUDED_AS_BENCHMARK_POSITIVE_HERB,
H0961,HBG_7d8ed6b0d7e1,49,D04_20_49,9,True,1,True,NONE,INCLUDED_AS_BENCHMARK_POSITIVE_HERB,
H0962,HBG_b91635ec7876,69,D05_50_99,6,True,1,True,NONE,INCLUDED_AS_BENCHMARK_POSITIVE_HERB,
H0963,HBG_6da0a978b91e,92,D05_50_99,6,True,1,True,NONE,INCLUDED_AS_BENCHMARK_POSITIVE_HERB,
H0964,HBG_3e8450044b1e,20,D04_20_49,4,True,2,True,NONE,INCLUDED_AS_BENCHMARK_POSITIVE_HERB,
H0965,HBG_ce843446e503,223,D07_200_399,13,True,1,True,NONE,INCLUDED_AS_BENCHMARK_POSITIVE_HERB,
H0966,HBG_7ce11234596b,8,D02_5_9,1,True,1,True,NONE,INCLUDED_AS_BENCHMARK_POSITIVE_HERB,
H0967,HBG_4ab696bcd772,318,D07_200_399,18,True,1,True,NONE,INCLUDED_AS_BENCHMARK_POSITIVE_HERB,
H0968,HBG_0d58166cffce,82,D05_50_99,20,True,1,True,NONE,INCLUDED_AS_BENCHMARK_POSITIVE_HERB,
H0969,HBG_08439f9bb950,11,D03_10_19,2,True,1,True,NONE,INCLUDED_AS_BENCHMARK_POSITIVE_HERB,
H0970,HBG_9fc449f0cff0,15,D03_10_19,4,True,1,True,NONE,INCLUDED_AS_BENCHMARK_POSITIVE_HERB,
H0971,HBG_7d77f1fccabd,19,D03_10_19,4,True,1,True,NONE,INCLUDED_AS_BENCHMARK_POSITIVE_HERB,
H0972,HBG_2765d73e44ed,200,D07_200_399,30,True,4,True,NONE,INCLUDED_AS_BENCHMARK_POSITIVE_HERB,
H0973,HBG_2765d73e44ed,176,D06_100_199,26,True,4,True,NONE,INCLUDED_AS_BENCHMARK_POSITIVE_HERB,
H0974,HBG_e99f9ecec9ca,344,D07_200_399,21,True,2,True,NONE,INCLUDED_AS_BENCHMARK_POSITIVE_HERB,
H0975,HBG_e99f9ecec9ca,344,D07_200_399,21,True,2,True,ENGLISH_FIELD_DISABLED,INCLUDED_AS_BENCHMARK_POSITIVE_HERB,
H0976,HBG_a8bfad9364eb,48,D04_20_49,6,True,2,True,NONE,INCLUDED_AS_BENCHMARK_POSITIVE_HERB,
H0977,HBG_d6be6e5c9207,78,D05_50_99,9,True,4,True,NONE,INCLUDED_AS_BENCHMARK_POSITIVE_HERB,
H0978,HBG_43e14141a333,222,D07_200_399,6,True,2,True,NONE,INCLUDED_AS_BENCHMARK_POSITIVE_HERB,
H0979,HBG_fc708045068e,158,D06_100_199,10,True,2,True,NONE,INCLUDED_AS_BENCHMARK_POSITIVE_HERB,
H0980,HBG_fc708045068e,158,D06_100_199,10,True,2,True,NONE,INCLUDED_AS_BENCHMARK_POSITIVE_HERB,
H0981,HBG_da5bbe2e6875,76,D05_50_99,6,True,1,True,NONE,INCLUDED_AS_BENCHMARK_POSITIVE_HERB,
H0982,HBG_d6be6e5c9207,67,D05_50_99,4,True,4,True,NONE,INCLUDED_AS_BENCHMARK_POSITIVE_HERB,
H0983,HBG_04cf9df84c0b,5,D02_5_9,1,True,3,True,NONE,INCLUDED_AS_BENCHMARK_POSITIVE_HERB,
H0984,HBG_04cf9df84c0b,5,D02_5_9,1,True,3,True,NONE,INCLUDED_AS_BENCHMARK_POSITIVE_HERB,
H0985,HBG_82f5cb60d85c,15,D03_10_19,2,True,2,True,NONE,INCLUDED_AS_BENCHMARK_POSITIVE_HERB,
H0986,HBG_cfedb189d003,15,D03_10_19,1,True,1,True,NONE,INCLUDED_AS_BENCHMARK_POSITIVE_HERB,
H0987,HBG_d6be6e5c9207,67,D05_50_99,4,True,4,True,NONE,INCLUDED_AS_BENCHMARK_POSITIVE_HERB,
H0988,HBG_53b8439ef10c,27,D04_20_49,4,True,1,True,NONE,INCLUDED_AS_BENCHMARK_POSITIVE_HERB,
H0989,HBG_7438f8f126f4,118,D06_100_199,11,True,1,True,NONE,INCLUDED_AS_BENCHMARK_POSITIVE_HERB,
H0990,HBG_6aab59f3eacc,345,D07_200_399,29,True,2,True,NONE,INCLUDED_AS_BENCHMARK_POSITIVE_HERB,
H0991,HBG_d6be6e5c9207,67,D05_50_99,4,True,4,True,NONE,INCLUDED_AS_BENCHMARK_POSITIVE_HERB,
H0992,HBG_ea1ead304dbf,18,D03_10_19,3,True,1,True,NONE,INCLUDED_AS_BENCHMARK_POSITIVE_HERB,
H0993,HBG_5ee4510c7000,7,D02_5_9,1,True,1,True,NONE,INCLUDED_AS_BENCHMARK_POSITIVE_HERB,
H0994,HBG_a9418b428f99,7,D02_5_9,1,True,1,True,NONE,INCLUDED_AS_BENCHMARK_POSITIVE_HERB,
H0995,HBG_1431584e10f4,237,D07_200_399,20,True,1,True,NONE,INCLUDED_AS_BENCHMARK_POSITIVE_HERB,
H0996,HBG_9d88a173fe85,1,D01_1_4,1,True,2,True,NONE,INCLUDED_AS_BENCHMARK_POSITIVE_HERB,
H0997,HBG_9d88a173fe85,1,D01_1_4,1,True,2,True,NONE,INCLUDED_AS_BENCHMARK_POSITIVE_HERB,
H0998,HBG_f014a5848c36,199,D06_100_199,23,True,2,True,NONE,INCLUDED_AS_BENCHMARK_POSITIVE_HERB,
H0999,HBG_9a63abb3cdd2,16,D03_10_19,2,True,1,True,NONE,INCLUDED_AS_BENCHMARK_POSITIVE_HERB,
H1000,HBG_f014a5848c36,199,D06_100_199,23,True,2,True,NONE,INCLUDED_AS_BENCHMARK_POSITIVE_HERB,
H1001,HBG_c132aec841c7,17,D03_10_19,3,True,1,True,NONE,INCLUDED_AS_BENCHMARK_POSITIVE_HERB,
H1002,HBG_99da9c220f89,1,D01_1_4,1,True,3,True,NONE,INCLUDED_AS_BENCHMARK_POSITIVE_HERB,
H1003,HBG_99da9c220f89,1,D01_1_4,1,True,3,True,NONE,INCLUDED_AS_BENCHMARK_POSITIVE_HERB,
H1004,HBG_fffa0acae2cb,255,D07_200_399,21,True,2,True,NONE,INCLUDED_AS_BENCHMARK_POSITIVE_HERB,
H1005,HBG_0eb7cffdf36f,57,D05_50_99,16,True,1,True,NONE,INCLUDED_AS_BENCHMARK_POSITIVE_HERB,
H1006,HBG_554b067bfb6d,9,D02_5_9,5,True,1,True,NONE,INCLUDED_AS_BENCHMARK_POSITIVE_HERB,
H1007,HBG_24641533cced,251,D07_200_399,16,True,4,True,NONE,INCLUDED_AS_BENCHMARK_POSITIVE_HERB,
H1008,HBG_e11feb61a438,22,D04_20_49,3,True,1,True,NONE,INCLUDED_AS_BENCHMARK_POSITIVE_HERB,
H1009,HBG_953727e0f19c,115,D06_100_199,21,True,2,True,NONE,INCLUDED_AS_BENCHMARK_POSITIVE_HERB,
H1010,HBG_5b3cecd90c07,441,D08_400_PLUS,46,True,2,True,NONE,INCLUDED_AS_BENCHMARK_POSITIVE_HERB,
H1011,HBG_1c53ad8297f8,204,D07_200_399,22,True,2,True,NONE,INCLUDED_AS_BENCHMARK_POSITIVE_HERB,
H1012,HBG_2fb3bf687bf5,5,D02_5_9,1,True,2,True,NONE,INCLUDED_AS_BENCHMARK_POSITIVE_HERB,
H1013,HBG_a269addafd87,13,D03_10_19,1,True,1,True,NONE,INCLUDED_AS_BENCHMARK_POSITIVE_HERB,
H1014,HBG_6ef52a8f706a,12,D03_10_19,2,True,1,True,NONE,INCLUDED_AS_BENCHMARK_POSITIVE_HERB,
H1015,HBG_fb3f19cd5c0a,369,D07_200_399,41,True,3,True,NONE,INCLUDED_AS_BENCHMARK_POSITIVE_HERB,
H1016,HBG_fb3f19cd5c0a,365,D07_200_399,39,True,3,True,NONE,INCLUDED_AS_BENCHMARK_POSITIVE_HERB,
H1017,HBG_fb3f19cd5c0a,365,D07_200_399,39,True,3,True,NONE,INCLUDED_AS_BENCHMARK_POSITIVE_HERB,
H1018,HBG_7c2a40180195,11,D03_10_19,2,True,1,True,NONE,INCLUDED_AS_BENCHMARK_POSITIVE_HERB,
H1019,HBG_98ec79ed556f,234,D07_200_399,14,True,2,True,NONE,INCLUDED_AS_BENCHMARK_POSITIVE_HERB,
H1020,HBG_98ec79ed556f,233,D07_200_399,13,True,2,True,NONE,INCLUDED_AS_BENCHMARK_POSITIVE_HERB,
H1021,HBG_189f3a701e2b,355,D07_200_399,15,True,1,True,ENGLISH_FIELD_DISABLED,INCLUDED_AS_BENCHMARK_POSITIVE_HERB,
H1022,HBG_22ee4049cd25,56,D05_50_99,10,True,1,True,NONE,INCLUDED_AS_BENCHMARK_POSITIVE_HERB,
H1023,HBG_e228eccb6bc2,2,D01_1_4,1,True,1,True,NONE,INCLUDED_AS_BENCHMARK_POSITIVE_HERB,
H1024,HBG_ccff8704c15c,15,D03_10_19,1,True,1,True,NONE,INCLUDED_AS_BENCHMARK_POSITIVE_HERB,
H1025,HBG_52a5f922d0f2,33,D04_20_49,2,True,1,True,NONE,INCLUDED_AS_BENCHMARK_POSITIVE_HERB,
H1026,HBG_ba4fb545ef78,307,D07_200_399,14,True,3,True,NONE,INCLUDED_AS_BENCHMARK_POSITIVE_HERB,
H1027,HBG_ed1f3d94aa21,32,D04_20_49,3,True,1,True,NONE,INCLUDED_AS_BENCHMARK_POSITIVE_HERB,
H1028,HBG_1e97727f686b,61,D05_50_99,4,True,2,True,NONE,INCLUDED_AS_BENCHMARK_POSITIVE_HERB,
H1029,HBG_1911acd50b6e,327,D07_200_399,19,True,1,True,NONE,INCLUDED_AS_BENCHMARK_POSITIVE_HERB,
H1030,HBG_7de5a8b3e7f9,79,D05_50_99,16,True,1,True,NONE,INCLUDED_AS_BENCHMARK_POSITIVE_HERB,
H1031,HBG_9fa405d7899d,1,D01_1_4,1,True,1,True,NONE,INCLUDED_AS_BENCHMARK_POSITIVE_HERB,
H1032,HBG_32985646f961,1,D01_1_4,1,True,1,True,NONE,INCLUDED_AS_BENCHMARK_POSITIVE_HERB,
H1033,HBG_29a6f39d5052,98,D05_50_99,9,True,1,True,NONE,INCLUDED_AS_BENCHMARK_POSITIVE_HERB,
H1034,HBG_3dcc26eed848,369,D07_200_399,32,True,1,True,ENGLISH_FIELD_DISABLED,INCLUDED_AS_BENCHMARK_POSITIVE_HERB,
H1035,HBG_ffaad43f8e1e,68,D05_50_99,10,True,3,True,NONE,INCLUDED_AS_BENCHMARK_POSITIVE_HERB,
H1036,HBG_b4f44fc9e539,272,D07_200_399,11,True,1,True,NONE,INCLUDED_AS_BENCHMARK_POSITIVE_HERB,
H1037,HBG_c4d4610dd910,29,D04_20_49,1,True,1,True,NONE,INCLUDED_AS_BENCHMARK_POSITIVE_HERB,
H1038,HBG_aedcf3af8431,26,D04_20_49,1,True,1,True,NONE,INCLUDED_AS_BENCHMARK_POSITIVE_HERB,
H1039,HBG_2fb3bf687bf5,18,D03_10_19,3,True,2,True,NONE,INCLUDED_AS_BENCHMARK_POSITIVE_HERB,
H1040,HBG_d9f0fe6708b0,37,D04_20_49,5,True,1,True,NONE,INCLUDED_AS_BENCHMARK_POSITIVE_HERB,
H1041,HBG_a01a3b9316d8,25,D04_20_49,5,True,2,True,NONE,INCLUDED_AS_BENCHMARK_POSITIVE_HERB,
H1042,HBG_6a03e1703dcb,7,D02_5_9,3,True,1,True,NONE,INCLUDED_AS_BENCHMARK_POSITIVE_HERB,
H1043,HBG_70532ed82d81,1,D01_1_4,1,True,1,True,NONE,INCLUDED_AS_BENCHMARK_POSITIVE_HERB,
H1044,HBG_e3e46da5d7a0,26,D04_20_49,1,True,1,True,NONE,INCLUDED_AS_BENCHMARK_POSITIVE_HERB,
H1045,HBG_f2810554dc6f,233,D07_200_399,10,True,2,True,NONE,INCLUDED_AS_BENCHMARK_POSITIVE_HERB,
H1046,HBG_f2810554dc6f,233,D07_200_399,10,True,2,True,NONE,INCLUDED_AS_BENCHMARK_POSITIVE_HERB,
H1047,HBG_2b23a3e4bd3f,131,D06_100_199,9,True,3,True,NONE,INCLUDED_AS_BENCHMARK_POSITIVE_HERB,
H1048,HBG_15021dd7a4db,42,D04_20_49,1,True,1,True,NONE,INCLUDED_AS_BENCHMARK_POSITIVE_HERB,
H1049,HBG_2b23a3e4bd3f,131,D06_100_199,9,True,3,True,NONE,INCLUDED_AS_BENCHMARK_POSITIVE_HERB,
H1050,HBG_a4a24a469429,9,D02_5_9,3,True,2,True,NONE,INCLUDED_AS_BENCHMARK_POSITIVE_HERB,
H1051,HBG_941d2832fec4,460,D08_400_PLUS,65,True,3,True,NONE,INCLUDED_AS_BENCHMARK_POSITIVE_HERB,
H1052,HBG_0b88b4c93ec8,56,D05_50_99,8,True,1,True,NONE,INCLUDED_AS_BENCHMARK_POSITIVE_HERB,
H1053,HBG_ffaad43f8e1e,58,D05_50_99,9,True,3,True,NONE,INCLUDED_AS_BENCHMARK_POSITIVE_HERB,
H1054,HBG_8ace3bd3f588,13,D03_10_19,4,True,1,True,NONE,INCLUDED_AS_BENCHMARK_POSITIVE_HERB,
H1055,HBG_941d2832fec4,457,D08_400_PLUS,60,True,3,True,NONE,INCLUDED_AS_BENCHMARK_POSITIVE_HERB,
H1056,HBG_123c28dcb2a4,86,D05_50_99,9,True,1,True,NONE,INCLUDED_AS_BENCHMARK_POSITIVE_HERB,
H1057,HBG_a871ab32e3d4,11,D03_10_19,3,True,4,True,NONE,INCLUDED_AS_BENCHMARK_POSITIVE_HERB,
H1059,HBG_9a253e1c4385,22,D04_20_49,1,True,1,True,NONE,INCLUDED_AS_BENCHMARK_POSITIVE_HERB,
H1060,HBG_98697b1d2c8a,44,D04_20_49,7,True,1,True,NONE,INCLUDED_AS_BENCHMARK_POSITIVE_HERB,
H1061,HBG_c49ea814bdf0,316,D07_200_399,14,True,2,True,NONE,INCLUDED_AS_BENCHMARK_POSITIVE_HERB,
H1062,HBG_a871ab32e3d4,12,D03_10_19,4,True,4,True,NONE,INCLUDED_AS_BENCHMARK_POSITIVE_HERB,
H1063,HBG_a871ab32e3d4,11,D03_10_19,3,True,4,True,NONE,INCLUDED_AS_BENCHMARK_POSITIVE_HERB,
H1064,HBG_57d4260a673b,6,D02_5_9,2,True,1,True,NONE,INCLUDED_AS_BENCHMARK_POSITIVE_HERB,
H1065,HBG_6be83661d5dc,1,D01_1_4,1,True,1,True,NONE,INCLUDED_AS_BENCHMARK_POSITIVE_HERB,
H1066,HBG_23bd7504ffd5,374,D07_200_399,44,True,9,True,NONE,INCLUDED_AS_BENCHMARK_POSITIVE_HERB,
H1067,HBG_23bd7504ffd5,372,D07_200_399,41,True,9,True,NONE,INCLUDED_AS_BENCHMARK_POSITIVE_HERB,
H1068,HBG_c49ea814bdf0,315,D07_200_399,13,True,2,True,NONE,INCLUDED_AS_BENCHMARK_POSITIVE_HERB,
H1069,HBG_23bd7504ffd5,372,D07_200_399,41,True,9,True,NONE,INCLUDED_AS_BENCHMARK_POSITIVE_HERB,
H1070,HBG_23bd7504ffd5,372,D07_200_399,41,True,9,True,NONE,INCLUDED_AS_BENCHMARK_POSITIVE_HERB,
H1071,HBG_23bd7504ffd5,372,D07_200_399,41,True,9,True,NONE,INCLUDED_AS_BENCHMARK_POSITIVE_HERB,
H1072,HBG_23bd7504ffd5,372,D07_200_399,41,True,9,True,NONE,INCLUDED_AS_BENCHMARK_POSITIVE_HERB,
H1073,HBG_23bd7504ffd5,372,D07_200_399,41,True,9,True,NONE,INCLUDED_AS_BENCHMARK_POSITIVE_HERB,
H1074,HBG_23bd7504ffd5,372,D07_200_399,41,True,9,True,NONE,INCLUDED_AS_BENCHMARK_POSITIVE_HERB,
H1075,HBG_23bd7504ffd5,372,D07_200_399,41,True,9,True,NONE,INCLUDED_AS_BENCHMARK_POSITIVE_HERB,
H1076,HBG_11f2a588f305,3,D01_1_4,1,True,1,True,NONE,INCLUDED_AS_BENCHMARK_POSITIVE_HERB,
H1077,HBG_5007b7c5daae,207,D07_200_399,17,True,3,True,NONE,INCLUDED_AS_BENCHMARK_POSITIVE_HERB,
H1078,HBG_829d47387bff,69,D05_50_99,3,True,2,True,NONE,INCLUDED_AS_BENCHMARK_POSITIVE_HERB,
H1079,HBG_2765d73e44ed,176,D06_100_199,26,True,4,True,NONE,INCLUDED_AS_BENCHMARK_POSITIVE_HERB,
H1080,HBG_e54293e3b42f,180,D06_100_199,9,True,4,True,NONE,INCLUDED_AS_BENCHMARK_POSITIVE_HERB,
H1081,HBG_0f1b5d1e0e26,1,D01_1_4,1,True,1,True,NONE,INCLUDED_AS_BENCHMARK_POSITIVE_HERB,
H1082,HBG_48d84bc56d8a,106,D06_100_199,11,True,1,True,NONE,INCLUDED_AS_BENCHMARK_POSITIVE_HERB,
H1083,HBG_cae120c32752,12,D03_10_19,1,True,1,True,NONE,INCLUDED_AS_BENCHMARK_POSITIVE_HERB,
H1084,HBG_2db7627af0cd,3,D01_1_4,1,True,1,True,NONE,INCLUDED_AS_BENCHMARK_POSITIVE_HERB,
H1085,HBG_962153c78161,11,D03_10_19,3,True,1,True,NONE,INCLUDED_AS_BENCHMARK_POSITIVE_HERB,
H1086,HBG_d76815b5fabc,24,D04_20_49,1,True,1,True,NONE,INCLUDED_AS_BENCHMARK_POSITIVE_HERB,
H1087,HBG_e3f4826f70f4,21,D04_20_49,6,True,1,True,NONE,INCLUDED_AS_BENCHMARK_POSITIVE_HERB,
H1088,HBG_2906cf399696,21,D04_20_49,3,True,1,True,NONE,INCLUDED_AS_BENCHMARK_POSITIVE_HERB,
H1089,HBG_045a2b72d60d,46,D04_20_49,10,True,1,True,NONE,INCLUDED_AS_BENCHMARK_POSITIVE_HERB,
H1090,HBG_95e156b8e95f,338,D07_200_399,33,True,1,True,NONE,INCLUDED_AS_BENCHMARK_POSITIVE_HERB,
H1091,HBG_dceb7b6ac678,21,D04_20_49,1,True,1,True,NONE,INCLUDED_AS_BENCHMARK_POSITIVE_HERB,
H1092,HBG_5fda4b83ea47,365,D07_200_399,12,True,2,True,NONE,INCLUDED_AS_BENCHMARK_POSITIVE_HERB,
H1093,HBG_5fda4b83ea47,365,D07_200_399,12,True,2,True,NONE,INCLUDED_AS_BENCHMARK_POSITIVE_HERB,
H1094,HBG_e54293e3b42f,180,D06_100_199,9,True,4,True,NONE,INCLUDED_AS_BENCHMARK_POSITIVE_HERB,
H1095,HBG_e54293e3b42f,180,D06_100_199,9,True,4,True,NONE,INCLUDED_AS_BENCHMARK_POSITIVE_HERB,
H1096,HBG_e54293e3b42f,180,D06_100_199,9,True,4,True,NONE,INCLUDED_AS_BENCHMARK_POSITIVE_HERB,
H1097,HBG_6aab59f3eacc,344,D07_200_399,27,True,2,True,ENGLISH_FIELD_DISABLED,INCLUDED_AS_BENCHMARK_POSITIVE_HERB,
H1098,HBG_ad3ff7d0f06b,21,D04_20_49,2,True,1,True,NONE,INCLUDED_AS_BENCHMARK_POSITIVE_HERB,
H1099,HBG_1ef38191eed8,151,D06_100_199,13,True,1,True,NONE,INCLUDED_AS_BENCHMARK_POSITIVE_HERB,
H1100,HBG_5e1c7633b3f2,94,D05_50_99,8,True,1,True,NONE,INCLUDED_AS_BENCHMARK_POSITIVE_HERB,
H1101,HBG_a4a24a469429,9,D02_5_9,3,True,2,True,NONE,INCLUDED_AS_BENCHMARK_POSITIVE_HERB,
H1102,HBG_3e150df43f89,223,D07_200_399,12,True,1,True,NONE,INCLUDED_AS_BENCHMARK_POSITIVE_HERB,
H1103,HBG_60d871f40623,1,D01_1_4,1,True,1,True,NONE,INCLUDED_AS_BENCHMARK_POSITIVE_HERB,
H1104,HBG_fc7acfa4d343,225,D07_200_399,25,True,7,True,NONE,INCLUDED_AS_BENCHMARK_POSITIVE_HERB,
H1105,HBG_fc7acfa4d343,219,D07_200_399,18,True,7,True,NONE,INCLUDED_AS_BENCHMARK_POSITIVE_HERB,
H1106,HBG_fc7acfa4d343,219,D07_200_399,18,True,7,True,ENGLISH_FIELD_DISABLED,INCLUDED_AS_BENCHMARK_POSITIVE_HERB,
H1107,HBG_fc7acfa4d343,219,D07_200_399,18,True,7,True,NONE,INCLUDED_AS_BENCHMARK_POSITIVE_HERB,
H1108,HBG_fc7acfa4d343,219,D07_200_399,18,True,7,True,ENGLISH_FIELD_DISABLED,INCLUDED_AS_BENCHMARK_POSITIVE_HERB,
H1109,HBG_9da1426983c2,270,D07_200_399,13,True,1,True,NONE,INCLUDED_AS_BENCHMARK_POSITIVE_HERB,
H1110,HBG_5cefda5a0042,105,D06_100_199,14,True,1,True,NONE,INCLUDED_AS_BENCHMARK_POSITIVE_HERB,
H1111,HBG_fc7acfa4d343,219,D07_200_399,18,True,7,True,NONE,INCLUDED_AS_BENCHMARK_POSITIVE_HERB,
H1112,HBG_fc7acfa4d343,219,D07_200_399,18,True,7,True,NONE,INCLUDED_AS_BENCHMARK_POSITIVE_HERB,
H1113,HBG_a7a79230830f,28,D04_20_49,2,True,1,True,NONE,INCLUDED_AS_BENCHMARK_POSITIVE_HERB,
H1114,HBG_1fce6eda1453,54,D05_50_99,8,True,2,True,NONE,INCLUDED_AS_BENCHMARK_POSITIVE_HERB,
H1115,HBG_615797f8f1a0,149,D06_100_199,19,True,5,True,NONE,INCLUDED_AS_BENCHMARK_POSITIVE_HERB,
H1116,HBG_52b214df152e,32,D04_20_49,5,True,1,True,NONE,INCLUDED_AS_BENCHMARK_POSITIVE_HERB,
H1117,HBG_4c8207aae820,346,D07_200_399,8,True,1,True,NONE,INCLUDED_AS_BENCHMARK_POSITIVE_HERB,
H1118,HBG_5d8afaa98564,43,D04_20_49,7,True,2,True,NONE,INCLUDED_AS_BENCHMARK_POSITIVE_HERB,
H1119,HBG_ac4ad638f11b,5,D02_5_9,2,True,1,True,NONE,INCLUDED_AS_BENCHMARK_POSITIVE_HERB,
H1120,HBG_5b3cecd90c07,441,D08_400_PLUS,49,True,2,True,NONE,INCLUDED_AS_BENCHMARK_POSITIVE_HERB,
H1121,HBG_88f1f4228f1a,17,D03_10_19,2,True,2,True,NONE,INCLUDED_AS_BENCHMARK_POSITIVE_HERB,
H1122,HBG_ef636d357694,11,D03_10_19,1,True,1,True,NONE,INCLUDED_AS_BENCHMARK_POSITIVE_HERB,
H1123,HBG_9ad7b46517a7,11,D03_10_19,1,True,1,True,NONE,INCLUDED_AS_BENCHMARK_POSITIVE_HERB,
H1124,HBG_9a629fb56562,417,D08_400_PLUS,32,True,1,True,NONE,INCLUDED_AS_BENCHMARK_POSITIVE_HERB,
H1125,HBG_dddb0c7a5a97,5,D02_5_9,1,True,1,True,NONE,INCLUDED_AS_BENCHMARK_POSITIVE_HERB,
H1126,HBG_02fac5b87e7e,11,D03_10_19,1,True,1,True,NONE,INCLUDED_AS_BENCHMARK_POSITIVE_HERB,
H1127,HBG_56d2c3215c10,334,D07_200_399,29,True,2,True,NONE,INCLUDED_AS_BENCHMARK_POSITIVE_HERB,
H1128,HBG_1900ff27f557,350,D07_200_399,24,True,1,True,NONE,INCLUDED_AS_BENCHMARK_POSITIVE_HERB,
H1129,HBG_87b6d6492163,50,D05_50_99,7,True,1,True,NONE,INCLUDED_AS_BENCHMARK_POSITIVE_HERB,
H1130,HBG_efc30d3327ec,97,D05_50_99,6,True,1,True,NONE,INCLUDED_AS_BENCHMARK_POSITIVE_HERB,
H1131,HBG_9c3a91690ce6,42,D04_20_49,3,True,1,True,NONE,INCLUDED_AS_BENCHMARK_POSITIVE_HERB,
H1132,HBG_102f0062f0a8,1,D01_1_4,1,True,1,True,NONE,INCLUDED_AS_BENCHMARK_POSITIVE_HERB,
H1133,HBG_bb2b3d438d62,357,D07_200_399,16,True,1,True,NONE,INCLUDED_AS_BENCHMARK_POSITIVE_HERB,
H1134,HBG_85a2d0181b53,174,D06_100_199,19,True,1,True,NONE,INCLUDED_AS_BENCHMARK_POSITIVE_HERB,
H1135,HBG_1cf6493ae947,22,D04_20_49,3,True,1,True,NONE,INCLUDED_AS_BENCHMARK_POSITIVE_HERB,
H1136,HBG_b5af9abf5f11,11,D03_10_19,1,True,1,True,NONE,INCLUDED_AS_BENCHMARK_POSITIVE_HERB,
H1137,HBG_082a75b7cc63,83,D05_50_99,6,True,1,True,ENGLISH_FIELD_DISABLED,INCLUDED_AS_BENCHMARK_POSITIVE_HERB,
H1138,HBG_889cc6984044,345,D07_200_399,20,True,1,True,NONE,INCLUDED_AS_BENCHMARK_POSITIVE_HERB,
H1139,HBG_1fce6eda1453,54,D05_50_99,8,True,2,True,NONE,INCLUDED_AS_BENCHMARK_POSITIVE_HERB,
H1140,HBG_1068856da35d,320,D07_200_399,13,True,2,True,ENGLISH_FIELD_DISABLED,INCLUDED_AS_BENCHMARK_POSITIVE_HERB,
H1141,HBG_1068856da35d,320,D07_200_399,13,True,2,True,NONE,INCLUDED_AS_BENCHMARK_POSITIVE_HERB,
H1142,HBG_f9af09d1b93f,6,D02_5_9,1,True,1,True,NONE,INCLUDED_AS_BENCHMARK_POSITIVE_HERB,
H1143,HBG_13183e8a372a,3,D01_1_4,1,True,1,True,NONE,INCLUDED_AS_BENCHMARK_POSITIVE_HERB,
H1144,HBG_2b23a3e4bd3f,42,D04_20_49,1,True,3,True,NONE,INCLUDED_AS_BENCHMARK_POSITIVE_HERB,
H1147,HBG_09367dd73e8b,74,D05_50_99,7,True,4,True,NONE,INCLUDED_AS_BENCHMARK_POSITIVE_HERB,
H1148,HBG_09367dd73e8b,74,D05_50_99,7,True,4,True,NONE,INCLUDED_AS_BENCHMARK_POSITIVE_HERB,
H1149,HBG_09367dd73e8b,74,D05_50_99,7,True,4,True,NONE,INCLUDED_AS_BENCHMARK_POSITIVE_HERB,
H1150,HBG_09367dd73e8b,74,D05_50_99,7,True,4,True,NONE,INCLUDED_AS_BENCHMARK_POSITIVE_HERB,
H1151,HBG_99da9c220f89,1,D01_1_4,1,True,3,True,NONE,INCLUDED_AS_BENCHMARK_POSITIVE_HERB,
H1152,HBG_b5aad492be66,417,D08_400_PLUS,25,True,1,True,NONE,INCLUDED_AS_BENCHMARK_POSITIVE_HERB,
H1153,HBG_d680a42b2d0d,1,D01_1_4,1,True,1,True,NONE,INCLUDED_AS_BENCHMARK_POSITIVE_HERB,
H1154,HBG_0864ba1357c3,219,D07_200_399,7,True,1,True,NONE,INCLUDED_AS_BENCHMARK_POSITIVE_HERB,
H1155,HBG_2257cfc962dd,4,D01_1_4,1,True,1,True,NONE,INCLUDED_AS_BENCHMARK_POSITIVE_HERB,
H1156,HBG_2765d73e44ed,176,D06_100_199,26,True,4,True,NONE,INCLUDED_AS_BENCHMARK_POSITIVE_HERB,
H1157,HBG_526f41306d38,6,D02_5_9,2,True,1,True,NONE,INCLUDED_AS_BENCHMARK_POSITIVE_HERB,
H1158,HBG_6b0bb3967115,10,D03_10_19,1,True,1,True,NONE,INCLUDED_AS_BENCHMARK_POSITIVE_HERB,
H1159,HBG_f5e6c4e1d4f0,1,D01_1_4,1,True,1,True,NONE,INCLUDED_AS_BENCHMARK_POSITIVE_HERB,
H1160,HBG_24ee82070b38,76,D05_50_99,3,True,1,True,NONE,INCLUDED_AS_BENCHMARK_POSITIVE_HERB,
H1161,HBG_778789263c8b,375,D07_200_399,24,True,1,True,NONE,INCLUDED_AS_BENCHMARK_POSITIVE_HERB,
H1162,HBG_5708180f62c7,36,D04_20_49,4,True,1,True,NONE,INCLUDED_AS_BENCHMARK_POSITIVE_HERB,
H1163,HBG_42d3d061919b,51,D05_50_99,2,True,1,True,NONE,INCLUDED_AS_BENCHMARK_POSITIVE_HERB,
H1164,HBG_da88ae3587f6,448,D08_400_PLUS,57,True,3,True,NONE,INCLUDED_AS_BENCHMARK_POSITIVE_HERB,
H1165,HBG_766fa6625009,30,D04_20_49,2,True,1,True,NONE,INCLUDED_AS_BENCHMARK_POSITIVE_HERB,
H1166,HBG_a8a5748ba6c0,254,D07_200_399,7,True,1,True,NONE,INCLUDED_AS_BENCHMARK_POSITIVE_HERB,
H1167,HBG_0627575a93de,66,D05_50_99,4,True,2,True,NONE,INCLUDED_AS_BENCHMARK_POSITIVE_HERB,
H1168,HBG_0627575a93de,66,D05_50_99,4,True,2,True,NONE,INCLUDED_AS_BENCHMARK_POSITIVE_HERB,
H1169,HBG_da88ae3587f6,450,D08_400_PLUS,60,True,3,True,NONE,INCLUDED_AS_BENCHMARK_POSITIVE_HERB,
H1170,HBG_f72474bc0ddb,240,D07_200_399,24,True,2,True,NONE,INCLUDED_AS_BENCHMARK_POSITIVE_HERB,
H1171,HBG_f72474bc0ddb,239,D07_200_399,21,True,2,True,NONE,INCLUDED_AS_BENCHMARK_POSITIVE_HERB,
H1172,HBG_6d6be19f5608,12,D03_10_19,1,True,1,True,NONE,INCLUDED_AS_BENCHMARK_POSITIVE_HERB,
H1173,HBG_1c53ad8297f8,204,D07_200_399,22,True,2,True,NONE,INCLUDED_AS_BENCHMARK_POSITIVE_HERB,
H1174,HBG_24641533cced,251,D07_200_399,16,True,4,True,NONE,INCLUDED_AS_BENCHMARK_POSITIVE_HERB,
H1175,HBG_155729ed5825,6,D02_5_9,3,True,1,True,NONE,INCLUDED_AS_BENCHMARK_POSITIVE_HERB,
H1176,HBG_5007b7c5daae,207,D07_200_399,17,True,3,True,NONE,INCLUDED_AS_BENCHMARK_POSITIVE_HERB,
H1177,HBG_a6d5e6569946,1,D01_1_4,1,True,1,True,NONE,INCLUDED_AS_BENCHMARK_POSITIVE_HERB,
H1178,HBG_c4df15bfca5e,16,D03_10_19,1,True,1,True,NONE,INCLUDED_AS_BENCHMARK_POSITIVE_HERB,
H1179,HBG_d6715848d9c5,31,D04_20_49,4,True,1,True,NONE,INCLUDED_AS_BENCHMARK_POSITIVE_HERB,
H1180,HBG_03eceaf747d7,12,D03_10_19,3,True,1,True,NONE,INCLUDED_AS_BENCHMARK_POSITIVE_HERB,
H1181,HBG_cf1b6d92c31e,216,D07_200_399,15,True,3,True,NONE,INCLUDED_AS_BENCHMARK_POSITIVE_HERB,
H1182,HBG_8f96bd0f52c8,2,D01_1_4,1,True,1,True,NONE,INCLUDED_AS_BENCHMARK_POSITIVE_HERB,
H1183,HBG_a4a73c8fc474,252,D07_200_399,23,True,1,True,NONE,INCLUDED_AS_BENCHMARK_POSITIVE_HERB,
H1184,HBG_42b4a7965b1c,271,D07_200_399,16,True,1,True,NONE,INCLUDED_AS_BENCHMARK_POSITIVE_HERB,
H1185,HBG_2c3e5ea766a9,23,D04_20_49,7,True,1,True,NONE,INCLUDED_AS_BENCHMARK_POSITIVE_HERB,
H1186,HBG_0e3e9104d4dd,116,D06_100_199,13,True,1,True,NONE,INCLUDED_AS_BENCHMARK_POSITIVE_HERB,
H1187,HBG_c3ec45f3dbf0,52,D05_50_99,3,True,1,True,NONE,INCLUDED_AS_BENCHMARK_POSITIVE_HERB,
H1188,HBG_0d1021cad155,336,D07_200_399,28,True,1,True,NONE,INCLUDED_AS_BENCHMARK_POSITIVE_HERB,
H1189,HBG_3a49c6706d6e,44,D04_20_49,3,True,1,True,NONE,INCLUDED_AS_BENCHMARK_POSITIVE_HERB,
H1190,HBG_db686f1fc52b,22,D04_20_49,5,True,1,True,NONE,INCLUDED_AS_BENCHMARK_POSITIVE_HERB,
H1191,HBG_c098b07dc6c2,18,D03_10_19,7,True,1,True,NONE,INCLUDED_AS_BENCHMARK_POSITIVE_HERB,
H1192,HBG_17cb7e8426b9,43,D04_20_49,6,True,3,True,NONE,INCLUDED_AS_BENCHMARK_POSITIVE_HERB,
H1193,HBG_17cb7e8426b9,43,D04_20_49,6,True,3,True,ENGLISH_FIELD_DISABLED,INCLUDED_AS_BENCHMARK_POSITIVE_HERB,
H1194,HBG_17cb7e8426b9,43,D04_20_49,6,True,3,True,ENGLISH_FIELD_DISABLED,INCLUDED_AS_BENCHMARK_POSITIVE_HERB,
H1195,HBG_a57f35712a1e,26,D04_20_49,2,True,1,True,NONE,INCLUDED_AS_BENCHMARK_POSITIVE_HERB,
H1196,HBG_44c39709264b,21,D04_20_49,6,True,2,True,NONE,INCLUDED_AS_BENCHMARK_POSITIVE_HERB,
H1197,HBG_f5d4d1d65c57,12,D03_10_19,2,True,1,True,NONE,INCLUDED_AS_BENCHMARK_POSITIVE_HERB,
H1198,HBG_c22be55e1f48,43,D04_20_49,12,True,1,True,NONE,INCLUDED_AS_BENCHMARK_POSITIVE_HERB,
H1199,HBG_62b6fb672999,2,D01_1_4,1,True,1,True,NONE,INCLUDED_AS_BENCHMARK_POSITIVE_HERB,
H1200,HBG_b1cfc8363771,26,D04_20_49,6,True,1,True,NONE,INCLUDED_AS_BENCHMARK_POSITIVE_HERB,
H1201,HBG_da98a13518b0,258,D07_200_399,19,True,1,True,NONE,INCLUDED_AS_BENCHMARK_POSITIVE_HERB,
H1202,HBG_4a976df4b8f6,248,D07_200_399,12,True,1,True,NONE,INCLUDED_AS_BENCHMARK_POSITIVE_HERB,
H1203,HBG_71fe0f0f7210,253,D07_200_399,23,True,1,True,NONE,INCLUDED_AS_BENCHMARK_POSITIVE_HERB,
H1204,HBG_5007b7c5daae,209,D07_200_399,18,True,3,True,NONE,INCLUDED_AS_BENCHMARK_POSITIVE_HERB,
H1205,HBG_7c4654aaef41,53,D05_50_99,5,True,1,True,NONE,INCLUDED_AS_BENCHMARK_POSITIVE_HERB,
H1206,HBG_dd17e8e6814a,3,D01_1_4,2,True,1,True,NONE,INCLUDED_AS_BENCHMARK_POSITIVE_HERB,
H1207,HBG_cf1b6d92c31e,216,D07_200_399,14,True,3,True,NONE,INCLUDED_AS_BENCHMARK_POSITIVE_HERB,
H1208,HBG_cf1b6d92c31e,216,D07_200_399,14,True,3,True,NONE,INCLUDED_AS_BENCHMARK_POSITIVE_HERB,
H1209,HBG_1b8c1875da4c,9,D02_5_9,2,True,2,True,NONE,INCLUDED_AS_BENCHMARK_POSITIVE_HERB,
H1210,HBG_bf516abe502c,24,D04_20_49,4,True,2,True,NONE,INCLUDED_AS_BENCHMARK_POSITIVE_HERB,
H1211,HBG_fdcc485d52a8,118,D06_100_199,11,True,1,True,NONE,INCLUDED_AS_BENCHMARK_POSITIVE_HERB,
H1212,HBG_b8ffaf87c34d,104,D06_100_199,9,True,1,True,ENGLISH_FIELD_DISABLED,INCLUDED_AS_BENCHMARK_POSITIVE_HERB,
H1213,HBG_de7b6ea10465,464,D08_400_PLUS,28,True,1,True,NONE,INCLUDED_AS_BENCHMARK_POSITIVE_HERB,
H1214,HBG_ca38343942f6,340,D07_200_399,33,True,1,True,NONE,INCLUDED_AS_BENCHMARK_POSITIVE_HERB,
H1215,HBG_6260999fea64,44,D04_20_49,5,True,1,True,NONE,INCLUDED_AS_BENCHMARK_POSITIVE_HERB,
H1216,HBG_f4b2ad141283,1,D01_1_4,1,True,1,True,NONE,INCLUDED_AS_BENCHMARK_POSITIVE_HERB,
H1217,HBG_6bf526c7746c,299,D07_200_399,22,True,3,True,NONE,INCLUDED_AS_BENCHMARK_POSITIVE_HERB,
H1218,HBG_19db8d1b42bf,159,D06_100_199,5,True,2,True,ENGLISH_AUXILIARY_ONLY,INCLUDED_AS_BENCHMARK_POSITIVE_HERB,
H1219,HBG_19db8d1b42bf,159,D06_100_199,5,True,2,True,ENGLISH_AUXILIARY_ONLY,INCLUDED_AS_BENCHMARK_POSITIVE_HERB,
H1220,HBG_8f2b2da0c7e8,314,D07_200_399,25,True,2,True,ENGLISH_FIELD_DISABLED,INCLUDED_AS_BENCHMARK_POSITIVE_HERB,
H1221,HBG_8f2b2da0c7e8,314,D07_200_399,25,True,2,True,ENGLISH_FIELD_DISABLED,INCLUDED_AS_BENCHMARK_POSITIVE_HERB,
H1222,HBG_06b6a964fba4,382,D07_200_399,26,True,4,True,NONE,INCLUDED_AS_BENCHMARK_POSITIVE_HERB,
H1223,HBG_ba4fb545ef78,307,D07_200_399,14,True,3,True,ENGLISH_FIELD_DISABLED,INCLUDED_AS_BENCHMARK_POSITIVE_HERB,
H1224,HBG_06b6a964fba4,382,D07_200_399,26,True,4,True,NONE,INCLUDED_AS_BENCHMARK_POSITIVE_HERB,
H1225,HBG_06b6a964fba4,382,D07_200_399,26,True,4,True,ENGLISH_FIELD_DISABLED,INCLUDED_AS_BENCHMARK_POSITIVE_HERB,
H1226,HBG_40c78bab6c15,101,D06_100_199,6,True,1,True,NONE,INCLUDED_AS_BENCHMARK_POSITIVE_HERB,
H1227,HBG_06b6a964fba4,382,D07_200_399,26,True,4,True,ENGLISH_FIELD_DISABLED,INCLUDED_AS_BENCHMARK_POSITIVE_HERB,
H1228,HBG_615797f8f1a0,149,D06_100_199,20,True,5,True,NONE,INCLUDED_AS_BENCHMARK_POSITIVE_HERB,
H1229,HBG_a3317d8fce68,104,D06_100_199,13,True,1,True,NONE,INCLUDED_AS_BENCHMARK_POSITIVE_HERB,
H1230,HBG_615797f8f1a0,149,D06_100_199,19,True,5,True,NONE,INCLUDED_AS_BENCHMARK_POSITIVE_HERB,
H1231,HBG_615797f8f1a0,149,D06_100_199,19,True,5,True,NONE,INCLUDED_AS_BENCHMARK_POSITIVE_HERB,
H1232,HBG_a47c1fa3d696,255,D07_200_399,13,True,1,True,ENGLISH_FIELD_DISABLED,INCLUDED_AS_BENCHMARK_POSITIVE_HERB,
H1233,HBG_5bd94cd31993,10,D03_10_19,1,True,1,True,NONE,INCLUDED_AS_BENCHMARK_POSITIVE_HERB,
H1234,HBG_c57c5cab66af,12,D03_10_19,1,True,1,True,NONE,INCLUDED_AS_BENCHMARK_POSITIVE_HERB,
H1235,HBG_b9e56aa641d7,130,D06_100_199,15,True,1,True,NONE,INCLUDED_AS_BENCHMARK_POSITIVE_HERB,
H1236,HBG_a84426352825,6,D02_5_9,1,True,1,True,NONE,INCLUDED_AS_BENCHMARK_POSITIVE_HERB,
H1237,HBG_aad5191638e1,5,D02_5_9,1,True,1,True,NONE,INCLUDED_AS_BENCHMARK_POSITIVE_HERB,
H1238,HBG_2c696ef7c110,37,D04_20_49,2,True,3,True,NONE,INCLUDED_AS_BENCHMARK_POSITIVE_HERB,
H1239,HBG_2c696ef7c110,37,D04_20_49,2,True,3,True,NONE,INCLUDED_AS_BENCHMARK_POSITIVE_HERB,
H1240,HBG_25bce595388f,472,D08_400_PLUS,45,True,1,True,ENGLISH_FIELD_DISABLED,INCLUDED_AS_BENCHMARK_POSITIVE_HERB,
H1241,HBG_ef58b94c11ae,139,D06_100_199,19,True,7,True,NONE,INCLUDED_AS_BENCHMARK_POSITIVE_HERB,
H1242,HBG_ef58b94c11ae,136,D06_100_199,18,True,7,True,NONE,INCLUDED_AS_BENCHMARK_POSITIVE_HERB,
H1243,HBG_ef58b94c11ae,136,D06_100_199,18,True,7,True,NONE,INCLUDED_AS_BENCHMARK_POSITIVE_HERB,
H1244,HBG_353c5798293c,383,D07_200_399,32,True,1,True,ENGLISH_FIELD_DISABLED,INCLUDED_AS_BENCHMARK_POSITIVE_HERB,
H1245,HBG_e905688855f1,13,D03_10_19,4,True,1,True,NONE,INCLUDED_AS_BENCHMARK_POSITIVE_HERB,
H1246,HBG_a12b3ace65f7,214,D07_200_399,4,True,1,True,NONE,INCLUDED_AS_BENCHMARK_POSITIVE_HERB,
H1247,HBG_adaf95cb0098,256,D07_200_399,18,True,4,True,NONE,INCLUDED_AS_BENCHMARK_POSITIVE_HERB,
H1248,HBG_adaf95cb0098,240,D07_200_399,15,True,4,True,NONE,INCLUDED_AS_BENCHMARK_POSITIVE_HERB,
H1249,HBG_adaf95cb0098,240,D07_200_399,15,True,4,True,NONE,INCLUDED_AS_BENCHMARK_POSITIVE_HERB,
H1250,HBG_adaf95cb0098,240,D07_200_399,15,True,4,True,NONE,INCLUDED_AS_BENCHMARK_POSITIVE_HERB,
H1251,HBG_3379727f2d33,288,D07_200_399,22,True,4,True,NONE,INCLUDED_AS_BENCHMARK_POSITIVE_HERB,
H1252,HBG_3379727f2d33,276,D07_200_399,18,True,4,True,NONE,INCLUDED_AS_BENCHMARK_POSITIVE_HERB,
H1253,HBG_3379727f2d33,276,D07_200_399,18,True,4,True,NONE,INCLUDED_AS_BENCHMARK_POSITIVE_HERB,
H1254,HBG_3379727f2d33,276,D07_200_399,18,True,4,True,NONE,INCLUDED_AS_BENCHMARK_POSITIVE_HERB,
